mean_fit_time,std_fit_time,mean_score_time,std_score_time,param_model__C,param_model__class_weight,param_model__solver,params,split0_test_score,split1_test_score,split2_test_score,split3_test_score,split4_test_score,mean_test_score,std_test_score,rank_test_score,Model,param_model__gamma,param_model__kernel
0.10300669670104981,0.05590811560635303,0.00886363983154297,0.0017716477708606118,0.01,,liblinear,"{'model__C': 0.01, 'model__class_weight': None, 'model__solver': 'liblinear'}",0.961038961038961,0.9743589743589743,0.925,0.9743589743589743,0.961038961038961,0.9591591741591742,0.018088583299370447,5,Logistic Regression,,
0.01119990348815918,0.0011893686389516174,0.007957744598388671,0.0017920705903050741,0.01,,lbfgs,"{'model__C': 0.01, 'model__class_weight': None, 'model__solver': 'lbfgs'}",0.9315068493150684,0.9473684210526315,0.8831168831168831,0.9473684210526315,0.9295774647887324,0.9277876078651893,0.023576795730002053,20,Logistic Regression,,
0.010657119750976562,0.001658870450220519,0.007176685333251953,0.0015516433776615718,0.01,balanced,liblinear,"{'model__C': 0.01, 'model__class_weight': 'balanced', 'model__solver': 'liblinear'}",0.9487179487179487,0.9620253164556962,0.925,0.9743589743589743,0.961038961038961,0.954228240114316,0.016715741752424608,12,Logistic Regression,,
0.014046001434326171,0.0034008082966374567,0.006978845596313477,0.0006788344220520733,0.01,balanced,lbfgs,"{'model__C': 0.01, 'model__class_weight': 'balanced', 'model__solver': 'lbfgs'}",0.961038961038961,0.961038961038961,0.925,0.9743589743589743,0.961038961038961,0.9564951714951715,0.01657105518982919,8,Logistic Regression,,
0.008379745483398437,0.0010773286228842472,0.007573556900024414,0.0011198261874016595,0.1,,liblinear,"{'model__C': 0.1, 'model__class_weight': None, 'model__solver': 'liblinear'}",0.9736842105263158,0.9473684210526315,0.925,0.9743589743589743,0.961038961038961,0.9562901133953765,0.018494635416890334,10,Logistic Regression,,
0.010423088073730468,0.0017825753086828581,0.006602430343627929,0.0011069687445118758,0.1,,lbfgs,"{'model__C': 0.1, 'model__class_weight': None, 'model__solver': 'lbfgs'}",0.96,0.9473684210526315,0.9113924050632911,0.961038961038961,0.972972972972973,0.9505545520255714,0.021192216037236616,19,Logistic Regression,,
0.008874797821044922,0.0008738891916613119,0.007337141036987305,0.0022132005429181573,0.1,balanced,liblinear,"{'model__C': 0.1, 'model__class_weight': 'balanced', 'model__solver': 'liblinear'}",0.9487179487179487,0.961038961038961,0.925,0.9743589743589743,0.961038961038961,0.954030969030969,0.01662815114381162,13,Logistic Regression,,
0.013585186004638672,0.0041026564557960395,0.007588624954223633,0.001190221519262828,0.1,balanced,lbfgs,"{'model__C': 0.1, 'model__class_weight': 'balanced', 'model__solver': 'lbfgs'}",0.961038961038961,0.961038961038961,0.925,0.9743589743589743,0.961038961038961,0.9564951714951715,0.01657105518982919,8,Logistic Regression,,
0.008916854858398438,0.0022318185947791474,0.006726741790771484,0.001867457459173633,1.0,,liblinear,"{'model__C': 1, 'model__class_weight': None, 'model__solver': 'liblinear'}",0.961038961038961,0.9473684210526315,0.925,0.961038961038961,0.9866666666666667,0.9562226019594441,0.02013198002240063,11,Logistic Regression,,
0.012068080902099609,0.002410499330624893,0.007355022430419922,0.0016867533016629882,1.0,,lbfgs,"{'model__C': 1, 'model__class_weight': None, 'model__solver': 'lbfgs'}",0.961038961038961,0.9473684210526315,0.9113924050632911,0.961038961038961,0.9866666666666667,0.9535010829721022,0.02459408648740321,14,Logistic Regression,,
0.008468866348266602,0.0007931682830404988,0.011426115036010742,0.006860364723964514,1.0,balanced,liblinear,"{'model__C': 1, 'model__class_weight': 'balanced', 'model__solver': 'liblinear'}",0.961038961038961,0.961038961038961,0.9382716049382716,0.9743589743589743,0.961038961038961,0.9591494924828258,0.01164409551264344,6,Logistic Regression,,
0.010604763031005859,0.0007309858206223409,0.00884852409362793,0.0028943484912640712,1.0,balanced,lbfgs,"{'model__C': 1, 'model__class_weight': 'balanced', 'model__solver': 'lbfgs'}",0.961038961038961,0.961038961038961,0.925,0.9743589743589743,0.9736842105263158,0.9590242213926425,0.017976851353884455,7,Logistic Regression,,
0.007264518737792968,0.00038655140614197363,0.008823394775390625,0.006053221583039356,10.0,,liblinear,"{'model__C': 10, 'model__class_weight': None, 'model__solver': 'liblinear'}",0.9473684210526315,0.9473684210526315,0.9113924050632911,0.961038961038961,0.9866666666666667,0.9507669749748364,0.024362917126294525,15,Logistic Regression,,
0.016034412384033202,0.010972390795988005,0.009659481048583985,0.007516727175292736,10.0,,lbfgs,"{'model__C': 10, 'model__class_weight': None, 'model__solver': 'lbfgs'}",0.9473684210526315,0.9473684210526315,0.9113924050632911,0.961038961038961,0.9866666666666667,0.9507669749748364,0.024362917126294525,15,Logistic Regression,,
0.007355308532714844,0.0005572354326229421,0.0053784847259521484,0.000494792323759239,10.0,balanced,liblinear,"{'model__C': 10, 'model__class_weight': 'balanced', 'model__solver': 'liblinear'}",0.9487179487179487,0.9473684210526315,0.9512195121951219,0.9620253164556962,0.987012987012987,0.9592688370868772,0.014799113568102231,1,Logistic Regression,,
0.014123010635375976,0.0049654590408335884,0.008925247192382812,0.0062955710051789595,10.0,balanced,lbfgs,"{'model__C': 10, 'model__class_weight': 'balanced', 'model__solver': 'lbfgs'}",0.9487179487179487,0.9473684210526315,0.9512195121951219,0.9620253164556962,0.987012987012987,0.9592688370868772,0.014799113568102231,1,Logistic Regression,,
0.016866302490234374,0.01905325248397946,0.006470870971679687,0.0018736788678805933,100.0,,liblinear,"{'model__C': 100, 'model__class_weight': None, 'model__solver': 'liblinear'}",0.9473684210526315,0.9473684210526315,0.9113924050632911,0.961038961038961,0.9866666666666667,0.9507669749748364,0.024362917126294525,15,Logistic Regression,,
0.009145545959472656,0.001659021098770463,0.009096193313598632,0.0075365075352938835,100.0,,lbfgs,"{'model__C': 100, 'model__class_weight': None, 'model__solver': 'lbfgs'}",0.9473684210526315,0.9473684210526315,0.9113924050632911,0.961038961038961,0.9866666666666667,0.9507669749748364,0.024362917126294525,15,Logistic Regression,,
0.007731580734252929,0.0002814082920251128,0.010291528701782227,0.009392535343459237,100.0,balanced,liblinear,"{'model__C': 100, 'model__class_weight': 'balanced', 'model__solver': 'liblinear'}",0.9487179487179487,0.9473684210526315,0.9512195121951219,0.9620253164556962,0.987012987012987,0.9592688370868772,0.014799113568102231,1,Logistic Regression,,
0.011492109298706055,0.003227025491302134,0.005659818649291992,0.0005078983039174767,100.0,balanced,lbfgs,"{'model__C': 100, 'model__class_weight': 'balanced', 'model__solver': 'lbfgs'}",0.9487179487179487,0.9473684210526315,0.9512195121951219,0.9620253164556962,0.987012987012987,0.9592688370868772,0.014799113568102231,1,Logistic Regression,,
0.017949819564819336,0.003750826079980994,0.009418010711669922,0.002014927713308709,0.1,,,"{'model__C': 0.1, 'model__class_weight': None, 'model__gamma': 'scale', 'model__kernel': 'linear'}",0.961038961038961,0.961038961038961,0.925,0.961038961038961,0.961038961038961,0.9538311688311689,0.014415584415584392,13,SVM,scale,linear
0.049727678298950195,0.010824015602085965,0.009950494766235352,0.002859535731169528,0.1,,,"{'model__C': 0.1, 'model__class_weight': None, 'model__gamma': 'scale', 'model__kernel': 'rbf'}",0.9367088607594937,0.9620253164556962,0.9382716049382716,0.9620253164556962,0.9487179487179487,0.9495498094654213,0.010991418494957493,17,SVM,scale,rbf
0.021399307250976562,0.004740648991019914,0.00910029411315918,0.0023650009355934733,0.1,,,"{'model__C': 0.1, 'model__class_weight': None, 'model__gamma': 'auto', 'model__kernel': 'linear'}",0.961038961038961,0.961038961038961,0.925,0.961038961038961,0.961038961038961,0.9538311688311689,0.014415584415584392,13,SVM,auto,linear
0.03018808364868164,0.0042673929258465115,0.012239551544189453,0.0044974870696070975,0.1,,,"{'model__C': 0.1, 'model__class_weight': None, 'model__gamma': 'auto', 'model__kernel': 'rbf'}",0.9367088607594937,0.9620253164556962,0.9382716049382716,0.9620253164556962,0.9487179487179487,0.9495498094654213,0.010991418494957493,17,SVM,auto,rbf
0.017578268051147462,0.004833324302095781,0.00792708396911621,0.0016350972028581115,0.1,balanced,,"{'model__C': 0.1, 'model__class_weight': 'balanced', 'model__gamma': 'scale', 'model__kernel': 'linear'}",0.9487179487179487,0.961038961038961,0.9512195121951219,0.9743589743589743,0.9743589743589743,0.961938874133996,0.010945548976720154,1,SVM,scale,linear
0.02904195785522461,0.005247461930442002,0.01847991943359375,0.01862892284819636,0.1,balanced,,"{'model__C': 0.1, 'model__class_weight': 'balanced', 'model__gamma': 'scale', 'model__kernel': 'rbf'}",0.925,0.9620253164556962,0.9382716049382716,0.9382716049382716,0.9487179487179487,0.9424572950100376,0.01234423266120159,27,SVM,scale,rbf
0.01674938201904297,0.008657135654717454,0.011313581466674804,0.006520593380878651,0.1,balanced,,"{'model__C': 0.1, 'model__class_weight': 'balanced', 'model__gamma': 'auto', 'model__kernel': 'linear'}",0.9487179487179487,0.961038961038961,0.9512195121951219,0.9743589743589743,0.9743589743589743,0.961938874133996,0.010945548976720154,1,SVM,auto,linear
0.03906230926513672,0.012284927562042677,0.011087989807128907,0.002987700373367339,0.1,balanced,,"{'model__C': 0.1, 'model__class_weight': 'balanced', 'model__gamma': 'auto', 'model__kernel': 'rbf'}",0.925,0.9620253164556962,0.9382716049382716,0.9382716049382716,0.9487179487179487,0.9424572950100376,0.01234423266120159,27,SVM,auto,rbf
0.020730018615722656,0.005981169697389694,0.008021354675292969,0.002064584123942462,1.0,,,"{'model__C': 1, 'model__class_weight': None, 'model__gamma': 'scale', 'model__kernel': 'linear'}",0.961038961038961,0.9473684210526315,0.9382716049382716,0.961038961038961,0.9743589743589743,0.9564153844855598,0.012456095868713957,3,SVM,scale,linear
0.021305131912231445,0.00346047668721171,0.007550334930419922,0.0008079020126879811,1.0,,,"{'model__C': 1, 'model__class_weight': None, 'model__gamma': 'scale', 'model__kernel': 'rbf'}",0.9367088607594937,0.9743589743589743,0.9382716049382716,0.9620253164556962,0.961038961038961,0.9544807435102793,0.0146536742799235,11,SVM,scale,rbf
0.016547346115112306,0.0033791887436428235,0.00721888542175293,0.0014424092897817405,1.0,,,"{'model__C': 1, 'model__class_weight': None, 'model__gamma': 'auto', 'model__kernel': 'linear'}",0.961038961038961,0.9473684210526315,0.9382716049382716,0.961038961038961,0.9743589743589743,0.9564153844855598,0.012456095868713957,3,SVM,auto,linear
0.02376856803894043,0.004408939715900088,0.007938146591186523,0.0017679094509039136,1.0,,,"{'model__C': 1, 'model__class_weight': None, 'model__gamma': 'auto', 'model__kernel': 'rbf'}",0.9367088607594937,0.9743589743589743,0.9382716049382716,0.9620253164556962,0.961038961038961,0.9544807435102793,0.0146536742799235,11,SVM,auto,rbf
0.01459197998046875,0.0019178027441703628,0.0076061725616455075,0.0007503906925762975,1.0,balanced,,"{'model__C': 1, 'model__class_weight': 'balanced', 'model__gamma': 'scale', 'model__kernel': 'linear'}",0.9367088607594937,0.9473684210526315,0.9382716049382716,0.9382716049382716,0.9743589743589743,0.9469958932095285,0.014191028400317562,23,SVM,scale,linear
0.019839668273925783,0.0018353876650346547,0.008726549148559571,0.002603051628814653,1.0,balanced,,"{'model__C': 1, 'model__class_weight': 'balanced', 'model__gamma': 'scale', 'model__kernel': 'rbf'}",0.9367088607594937,0.9743589743589743,0.9512195121951219,0.9382716049382716,0.9743589743589743,0.9549835853221671,0.016602623246669748,5,SVM,scale,rbf
0.019122314453125,0.00939066088782815,0.00934910774230957,0.003841355445700227,1.0,balanced,,"{'model__C': 1, 'model__class_weight': 'balanced', 'model__gamma': 'auto', 'model__kernel': 'linear'}",0.9367088607594937,0.9473684210526315,0.9382716049382716,0.9382716049382716,0.9743589743589743,0.9469958932095285,0.014191028400317562,23,SVM,auto,linear
0.02346830368041992,0.004029955629667727,0.01269078254699707,0.008759644358672795,1.0,balanced,,"{'model__C': 1, 'model__class_weight': 'balanced', 'model__gamma': 'auto', 'model__kernel': 'rbf'}",0.9367088607594937,0.9743589743589743,0.9512195121951219,0.9382716049382716,0.9743589743589743,0.9549835853221671,0.016602623246669748,5,SVM,auto,rbf
0.033340072631835936,0.013605724213006213,0.01558370590209961,0.016263268697881618,10.0,,,"{'model__C': 10, 'model__class_weight': None, 'model__gamma': 'scale', 'model__kernel': 'linear'}",0.935064935064935,0.9473684210526315,0.9382716049382716,0.961038961038961,0.9736842105263158,0.951085626524223,0.014452987147429989,15,SVM,scale,linear
0.02835822105407715,0.006560960825340901,0.007789897918701172,0.0011752451389433136,10.0,,,"{'model__C': 10, 'model__class_weight': None, 'model__gamma': 'scale', 'model__kernel': 'rbf'}",0.935064935064935,0.9473684210526315,0.95,0.9382716049382716,0.972972972972973,0.9487355868057621,0.013321414389492975,19,SVM,scale,rbf
0.025583362579345702,0.005345319688315544,0.0067538261413574215,0.0010839237326255003,10.0,,,"{'model__C': 10, 'model__class_weight': None, 'model__gamma': 'auto', 'model__kernel': 'linear'}",0.935064935064935,0.9473684210526315,0.9382716049382716,0.961038961038961,0.9736842105263158,0.951085626524223,0.014452987147429989,15,SVM,auto,linear
0.021370553970336915,0.002011234924309836,0.007082128524780273,0.0007745099316893097,10.0,,,"{'model__C': 10, 'model__class_weight': None, 'model__gamma': 'auto', 'model__kernel': 'rbf'}",0.935064935064935,0.9473684210526315,0.95,0.9382716049382716,0.972972972972973,0.9487355868057621,0.013321414389492975,19,SVM,auto,rbf
0.025014209747314452,0.004255490447085949,0.007294559478759765,0.0015963797599042233,10.0,balanced,,"{'model__C': 10, 'model__class_weight': 'balanced', 'model__gamma': 'scale', 'model__kernel': 'linear'}",0.9487179487179487,0.961038961038961,0.9382716049382716,0.9382716049382716,0.987012987012987,0.9546626213292878,0.018220174736150865,7,SVM,scale,linear
0.019680118560791014,0.0016364095108069388,0.007900428771972657,0.0012669821845314084,10.0,balanced,,"{'model__C': 10, 'model__class_weight': 'balanced', 'model__gamma': 'scale', 'model__kernel': 'rbf'}",0.9367088607594937,0.9473684210526315,0.9382716049382716,0.926829268292683,0.9736842105263158,0.944572473113879,0.01594784773190556,25,SVM,scale,rbf
0.025062990188598634,0.002732650631416795,0.006513023376464843,0.0007517714374545821,10.0,balanced,,"{'model__C': 10, 'model__class_weight': 'balanced', 'model__gamma': 'auto', 'model__kernel': 'linear'}",0.9487179487179487,0.961038961038961,0.9382716049382716,0.9382716049382716,0.987012987012987,0.9546626213292878,0.018220174736150865,7,SVM,auto,linear
0.02123088836669922,0.0029352776861535953,0.007054376602172852,0.0011319333513945624,10.0,balanced,,"{'model__C': 10, 'model__class_weight': 'balanced', 'model__gamma': 'auto', 'model__kernel': 'rbf'}",0.9367088607594937,0.9473684210526315,0.9382716049382716,0.926829268292683,0.9736842105263158,0.944572473113879,0.01594784773190556,25,SVM,auto,rbf
0.12325387001037598,0.027437023740645473,0.007049465179443359,0.0018083203540509023,100.0,,,"{'model__C': 100, 'model__class_weight': None, 'model__gamma': 'scale', 'model__kernel': 'linear'}",0.935064935064935,0.9473684210526315,0.9382716049382716,0.9473684210526315,0.9736842105263158,0.9483515185269571,0.013578042592885541,21,SVM,scale,linear
0.02214789390563965,0.0023225415305105526,0.007838153839111328,0.0014881014792877197,100.0,,,"{'model__C': 100, 'model__class_weight': None, 'model__gamma': 'scale', 'model__kernel': 'rbf'}",0.935064935064935,0.9333333333333333,0.9367088607594937,0.9113924050632911,0.9444444444444444,0.9321887957330995,0.011069814107242235,29,SVM,scale,rbf
0.12443280220031738,0.03279714788567934,0.008021783828735352,0.0016640784617167645,100.0,,,"{'model__C': 100, 'model__class_weight': None, 'model__gamma': 'auto', 'model__kernel': 'linear'}",0.935064935064935,0.9473684210526315,0.9382716049382716,0.9473684210526315,0.9736842105263158,0.9483515185269571,0.013578042592885541,21,SVM,auto,linear
0.020296525955200196,0.001937570385054925,0.006580209732055664,0.0011572983375014462,100.0,,,"{'model__C': 100, 'model__class_weight': None, 'model__gamma': 'auto', 'model__kernel': 'rbf'}",0.935064935064935,0.9333333333333333,0.9367088607594937,0.9113924050632911,0.9444444444444444,0.9321887957330995,0.011069814107242235,29,SVM,auto,rbf
0.10557150840759277,0.010704018683260002,0.007409238815307617,0.0006568069776881473,100.0,balanced,,"{'model__C': 100, 'model__class_weight': 'balanced', 'model__gamma': 'scale', 'model__kernel': 'linear'}",0.9487179487179487,0.961038961038961,0.9382716049382716,0.9382716049382716,0.987012987012987,0.9546626213292878,0.018220174736150865,7,SVM,scale,linear
0.02140035629272461,0.0006912632909751862,0.00763392448425293,0.0010605219879438914,100.0,balanced,,"{'model__C': 100, 'model__class_weight': 'balanced', 'model__gamma': 'scale', 'model__kernel': 'rbf'}",0.935064935064935,0.9333333333333333,0.9367088607594937,0.9113924050632911,0.9444444444444444,0.9321887957330995,0.011069814107242235,29,SVM,scale,rbf
0.10626978874206543,0.014362312521574643,0.006430387496948242,0.0016699811690771133,100.0,balanced,,"{'model__C': 100, 'model__class_weight': 'balanced', 'model__gamma': 'auto', 'model__kernel': 'linear'}",0.9487179487179487,0.961038961038961,0.9382716049382716,0.9382716049382716,0.987012987012987,0.9546626213292878,0.018220174736150865,7,SVM,auto,linear
0.021048831939697265,0.0039546428968884615,0.006626701354980469,0.0017662490902004906,100.0,balanced,,"{'model__C': 100, 'model__class_weight': 'balanced', 'model__gamma': 'auto', 'model__kernel': 'rbf'}",0.935064935064935,0.9333333333333333,0.9367088607594937,0.9113924050632911,0.9444444444444444,0.9321887957330995,0.011069814107242235,29,SVM,auto,rbf
0.012150239944458009,0.0035244839162321497,0.008192920684814453,0.002167908959231104,0.01,,liblinear,"{'model__C': 0.01, 'model__class_weight': None, 'model__solver': 'liblinear'}",0.9487179487179487,0.9743589743589743,0.925,0.9743589743589743,0.961038961038961,0.9566949716949716,0.01849923430831387,6,PCA + Logistic Regression,,
0.01894369125366211,0.010237450495282347,0.010701704025268554,0.0034083797578110366,0.01,,lbfgs,"{'model__C': 0.01, 'model__class_weight': None, 'model__solver': 'lbfgs'}",0.9315068493150684,0.9473684210526315,0.8831168831168831,0.918918918918919,0.9142857142857143,0.9190393573378433,0.0213120153387429,20,PCA + Logistic Regression,,
0.022458744049072266,0.012064986529418512,0.008812379837036134,0.001701037298145589,0.01,balanced,liblinear,"{'model__C': 0.01, 'model__class_weight': 'balanced', 'model__solver': 'liblinear'}",0.9487179487179487,0.9620253164556962,0.925,0.9743589743589743,0.961038961038961,0.954228240114316,0.016715741752424608,11,PCA + Logistic Regression,,
0.019606304168701173,0.006385693535993575,0.009556436538696289,0.0021894614832377725,0.01,balanced,lbfgs,"{'model__C': 0.01, 'model__class_weight': 'balanced', 'model__solver': 'lbfgs'}",0.961038961038961,0.9743589743589743,0.925,0.9743589743589743,0.9473684210526315,0.9564250661619083,0.018623081142999817,9,PCA + Logistic Regression,,
0.011391735076904297,0.003103831115735091,0.010695171356201173,0.003557970142445737,0.1,,liblinear,"{'model__C': 0.1, 'model__class_weight': None, 'model__solver': 'liblinear'}",0.961038961038961,0.9473684210526315,0.925,0.9743589743589743,0.961038961038961,0.9537610634979055,0.016722883531499044,12,PCA + Logistic Regression,,
0.011526966094970703,0.00222346070730474,0.007957553863525391,0.0018102322130802134,0.1,,lbfgs,"{'model__C': 0.1, 'model__class_weight': None, 'model__solver': 'lbfgs'}",0.96,0.9473684210526315,0.925,0.9743589743589743,0.9459459459459459,0.9505346682715103,0.016372482054030735,14,PCA + Logistic Regression,,
0.011357975006103516,0.0020678567417884144,0.009248876571655273,0.003455167281962597,0.1,balanced,liblinear,"{'model__C': 0.1, 'model__class_weight': 'balanced', 'model__solver': 'liblinear'}",0.9487179487179487,0.9743589743589743,0.925,0.9743589743589743,0.961038961038961,0.9566949716949716,0.01849923430831387,6,PCA + Logistic Regression,,
0.01349811553955078,0.0020976464910989596,0.011501121520996093,0.007763839639820194,0.1,balanced,lbfgs,"{'model__C': 0.1, 'model__class_weight': 'balanced', 'model__solver': 'lbfgs'}",0.961038961038961,0.961038961038961,0.925,0.9743589743589743,0.961038961038961,0.9564951714951715,0.01657105518982919,8,PCA + Logistic Regression,,
0.01332392692565918,0.0034625407974998106,0.006748676300048828,0.0005249161747909441,1.0,,liblinear,"{'model__C': 1, 'model__class_weight': None, 'model__solver': 'liblinear'}",0.961038961038961,0.9473684210526315,0.925,0.9743589743589743,0.96,0.9535532712901134,0.016637396527650467,13,PCA + Logistic Regression,,
0.011489534378051757,0.0015345063508363994,0.01195664405822754,0.008577738834695403,1.0,,lbfgs,"{'model__C': 1, 'model__class_weight': None, 'model__solver': 'lbfgs'}",0.9473684210526315,0.9473684210526315,0.925,0.9743589743589743,0.9459459459459459,0.9480083524820367,0.015676811553551176,15,PCA + Logistic Regression,,
0.012927389144897461,0.0035913661076690416,0.009054899215698242,0.0018519675805135404,1.0,balanced,liblinear,"{'model__C': 1, 'model__class_weight': 'balanced', 'model__solver': 'liblinear'}",0.961038961038961,0.9473684210526315,0.9512195121951219,0.9743589743589743,0.961038961038961,0.95900496593693,0.009381282573129406,2,PCA + Logistic Regression,,
0.01225728988647461,0.0014471620416249768,0.006831836700439453,0.0005106543144602336,1.0,balanced,lbfgs,"{'model__C': 1, 'model__class_weight': 'balanced', 'model__solver': 'lbfgs'}",0.961038961038961,0.9473684210526315,0.9382716049382716,0.9743589743589743,0.961038961038961,0.9564153844855598,0.012456095868713957,10,PCA + Logistic Regression,,
0.009273338317871093,0.0017979029137966565,0.0086456298828125,0.004055451997789843,10.0,,liblinear,"{'model__C': 10, 'model__class_weight': None, 'model__solver': 'liblinear'}",0.9473684210526315,0.9473684210526315,0.925,0.961038961038961,0.9459459459459459,0.945344349818034,0.01156519811781152,16,PCA + Logistic Regression,,
0.010469388961791993,0.0006039353990827482,0.0068778514862060545,0.0016674630284095487,10.0,,lbfgs,"{'model__C': 10, 'model__class_weight': None, 'model__solver': 'lbfgs'}",0.9473684210526315,0.9473684210526315,0.925,0.961038961038961,0.9459459459459459,0.945344349818034,0.01156519811781152,16,PCA + Logistic Regression,,
0.011234045028686523,0.0016404935486972402,0.007298517227172852,0.0017029006940936728,10.0,balanced,liblinear,"{'model__C': 10, 'model__class_weight': 'balanced', 'model__solver': 'liblinear'}",0.961038961038961,0.9473684210526315,0.9512195121951219,0.9743589743589743,0.961038961038961,0.95900496593693,0.009381282573129406,2,PCA + Logistic Regression,,
0.017382049560546876,0.005543519951097251,0.012207317352294921,0.006058867578632817,10.0,balanced,lbfgs,"{'model__C': 10, 'model__class_weight': 'balanced', 'model__solver': 'lbfgs'}",0.961038961038961,0.9473684210526315,0.9512195121951219,0.9743589743589743,0.961038961038961,0.95900496593693,0.009381282573129406,2,PCA + Logistic Regression,,
0.01097731590270996,0.003954089085658739,0.013031005859375,0.009086294575631251,100.0,,liblinear,"{'model__C': 100, 'model__class_weight': None, 'model__solver': 'liblinear'}",0.9473684210526315,0.9473684210526315,0.925,0.961038961038961,0.9459459459459459,0.945344349818034,0.01156519811781152,16,PCA + Logistic Regression,,
0.02036604881286621,0.0068952572279452114,0.011476469039916993,0.0047400126002053525,100.0,,lbfgs,"{'model__C': 100, 'model__class_weight': None, 'model__solver': 'lbfgs'}",0.9473684210526315,0.9473684210526315,0.925,0.961038961038961,0.9459459459459459,0.945344349818034,0.01156519811781152,16,PCA + Logistic Regression,,
0.011486434936523437,0.0021298405198858913,0.012231683731079102,0.006671673881183238,100.0,balanced,liblinear,"{'model__C': 100, 'model__class_weight': 'balanced', 'model__solver': 'liblinear'}",0.961038961038961,0.9473684210526315,0.9512195121951219,0.9743589743589743,0.9736842105263158,0.961534015834401,0.011130183577146836,1,PCA + Logistic Regression,,
0.013309478759765625,0.002864281241428034,0.00802469253540039,0.0030168915271843438,100.0,balanced,lbfgs,"{'model__C': 100, 'model__class_weight': 'balanced', 'model__solver': 'lbfgs'}",0.961038961038961,0.9473684210526315,0.9512195121951219,0.9743589743589743,0.961038961038961,0.95900496593693,0.009381282573129406,2,PCA + Logistic Regression,,
0.01699066162109375,0.0039057322842183414,0.008470773696899414,0.0019327475134372153,0.1,,,"{'model__C': 0.1, 'model__class_weight': None, 'model__gamma': 'scale', 'model__kernel': 'linear'}",0.961038961038961,0.9473684210526315,0.9382716049382716,0.9743589743589743,0.961038961038961,0.9564153844855598,0.012456095868713957,23,PCA + SVM,scale,linear
0.045023345947265626,0.007863571836676304,0.010176706314086913,0.004021629890815761,0.1,,,"{'model__C': 0.1, 'model__class_weight': None, 'model__gamma': 'scale', 'model__kernel': 'rbf'}",0.9487179487179487,0.9620253164556962,0.9382716049382716,0.9620253164556962,0.9487179487179487,0.9519516270571122,0.009066584721631495,27,PCA + SVM,scale,rbf
0.015373897552490235,0.0019893661807155647,0.008842849731445312,0.0011862958776298702,0.1,,,"{'model__C': 0.1, 'model__class_weight': None, 'model__gamma': 'auto', 'model__kernel': 'linear'}",0.961038961038961,0.9473684210526315,0.9382716049382716,0.9743589743589743,0.961038961038961,0.9564153844855598,0.012456095868713957,23,PCA + SVM,auto,linear
0.028568172454833986,0.002641338297300968,0.014000463485717773,0.0062256122106022285,0.1,,,"{'model__C': 0.1, 'model__class_weight': None, 'model__gamma': 'auto', 'model__kernel': 'rbf'}",0.9367088607594937,0.9620253164556962,0.926829268292683,0.9620253164556962,0.9620253164556962,0.9499228156838531,0.015148149132145575,29,PCA + SVM,auto,rbf
0.016803503036499023,0.0031462401207425147,0.007483720779418945,0.001681414178414449,0.1,balanced,,"{'model__C': 0.1, 'model__class_weight': 'balanced', 'model__gamma': 'scale', 'model__kernel': 'linear'}",0.9367088607594937,0.9743589743589743,0.9382716049382716,0.9743589743589743,0.961038961038961,0.956947475090935,0.016621976457694383,15,PCA + SVM,scale,linear
0.03443784713745117,0.010754044690567186,0.014646291732788086,0.005057315030149746,0.1,balanced,,"{'model__C': 0.1, 'model__class_weight': 'balanced', 'model__gamma': 'scale', 'model__kernel': 'rbf'}",0.9367088607594937,0.9620253164556962,0.9512195121951219,0.9620253164556962,0.9487179487179487,0.9521393909167915,0.00944581126255885,26,PCA + SVM,scale,rbf
0.017771148681640626,0.0059967433612541764,0.01383671760559082,0.009203201476742731,0.1,balanced,,"{'model__C': 0.1, 'model__class_weight': 'balanced', 'model__gamma': 'auto', 'model__kernel': 'linear'}",0.9367088607594937,0.9743589743589743,0.9382716049382716,0.9743589743589743,0.961038961038961,0.956947475090935,0.016621976457694383,15,PCA + SVM,auto,linear
0.03754067420959473,0.010711932670488198,0.014956855773925781,0.006183485462944719,0.1,balanced,,"{'model__C': 0.1, 'model__class_weight': 'balanced', 'model__gamma': 'auto', 'model__kernel': 'rbf'}",0.9367088607594937,0.9620253164556962,0.9397590361445783,0.95,0.9620253164556962,0.9501037059630928,0.010683580112340166,28,PCA + SVM,auto,rbf
0.014462804794311524,0.0026025040867165236,0.0063607215881347655,0.00018573057665135313,1.0,,,"{'model__C': 1, 'model__class_weight': None, 'model__gamma': 'scale', 'model__kernel': 'linear'}",0.9487179487179487,0.9473684210526315,0.9512195121951219,0.9743589743589743,0.9736842105263158,0.9590698133701985,0.012272326270638005,6,PCA + SVM,scale,linear
0.017803955078125,0.0009991529732026492,0.008706283569335938,0.0017747898591188105,1.0,,,"{'model__C': 1, 'model__class_weight': None, 'model__gamma': 'scale', 'model__kernel': 'rbf'}",0.9487179487179487,0.9743589743589743,0.9382716049382716,0.9743589743589743,0.961038961038961,0.9593492926826259,0.0142178089897762,5,PCA + SVM,scale,rbf
0.014582538604736328,0.004260307578378796,0.007186079025268554,0.0015301475318128155,1.0,,,"{'model__C': 1, 'model__class_weight': None, 'model__gamma': 'auto', 'model__kernel': 'linear'}",0.9487179487179487,0.9473684210526315,0.9512195121951219,0.9743589743589743,0.9736842105263158,0.9590698133701985,0.012272326270638005,6,PCA + SVM,auto,linear
0.020191001892089843,0.0021194839759465242,0.0073029518127441405,0.0004952395327180955,1.0,,,"{'model__C': 1, 'model__class_weight': None, 'model__gamma': 'auto', 'model__kernel': 'rbf'}",0.9487179487179487,0.961038961038961,0.9512195121951219,0.9620253164556962,0.9743589743589743,0.9594721425533403,0.009103295790320718,4,PCA + SVM,auto,rbf
0.015437030792236328,0.002862238584387454,0.007339286804199219,0.0011468553268602101,1.0,balanced,,"{'model__C': 1, 'model__class_weight': 'balanced', 'model__gamma': 'scale', 'model__kernel': 'linear'}",0.9367088607594937,0.961038961038961,0.9512195121951219,0.9620253164556962,0.9743589743589743,0.9570703249616495,0.012554048315093186,13,PCA + SVM,scale,linear
0.018120527267456055,0.0006981783169514497,0.009531784057617187,0.002209917108657926,1.0,balanced,,"{'model__C': 1, 'model__class_weight': 'balanced', 'model__gamma': 'scale', 'model__kernel': 'rbf'}",0.9367088607594937,0.9743589743589743,0.9512195121951219,0.9620253164556962,0.9743589743589743,0.959734327625652,0.01439224388473797,2,PCA + SVM,scale,rbf
0.01776270866394043,0.005628798783179451,0.008527660369873047,0.002820200500376442,1.0,balanced,,"{'model__C': 1, 'model__class_weight': 'balanced', 'model__gamma': 'auto', 'model__kernel': 'linear'}",0.9367088607594937,0.961038961038961,0.9512195121951219,0.9620253164556962,0.9743589743589743,0.9570703249616495,0.012554048315093186,13,PCA + SVM,auto,linear
0.024981975555419922,0.006073005353306803,0.012170982360839844,0.0037892566836540357,1.0,balanced,,"{'model__C': 1, 'model__class_weight': 'balanced', 'model__gamma': 'auto', 'model__kernel': 'rbf'}",0.9367088607594937,0.9743589743589743,0.9512195121951219,0.9620253164556962,0.9743589743589743,0.959734327625652,0.01439224388473797,2,PCA + SVM,auto,rbf
0.02777690887451172,0.0054303448069835045,0.007076168060302734,0.0007570050618044285,10.0,,,"{'model__C': 10, 'model__class_weight': None, 'model__gamma': 'scale', 'model__kernel': 'linear'}",0.9487179487179487,0.9473684210526315,0.9512195121951219,0.9743589743589743,0.9736842105263158,0.9590698133701985,0.012272326270638005,6,PCA + SVM,scale,linear
0.026876020431518554,0.0065887983594632,0.009392881393432617,0.0035973735920941767,10.0,,,"{'model__C': 10, 'model__class_weight': None, 'model__gamma': 'scale', 'model__kernel': 'rbf'}",0.9487179487179487,0.961038961038961,0.9382716049382716,0.9620253164556962,0.9743589743589743,0.9568825611019702,0.012346474785156412,17,PCA + SVM,scale,rbf
0.027343082427978515,0.006641992375968488,0.00686798095703125,0.0006271910143160101,10.0,,,"{'model__C': 10, 'model__class_weight': None, 'model__gamma': 'auto', 'model__kernel': 'linear'}",0.9487179487179487,0.9473684210526315,0.9512195121951219,0.9743589743589743,0.9736842105263158,0.9590698133701985,0.012272326270638005,6,PCA + SVM,auto,linear
0.022559976577758788,0.003412818343058504,0.00810070037841797,0.0016365842741720461,10.0,,,"{'model__C': 10, 'model__class_weight': None, 'model__gamma': 'auto', 'model__kernel': 'rbf'}",0.9367088607594937,0.9743589743589743,0.95,0.9620253164556962,0.961038961038961,0.956826422522625,0.012676598033573693,18,PCA + SVM,auto,rbf
0.024481916427612306,0.010382611923826097,0.00715794563293457,0.0016966657086717612,10.0,balanced,,"{'model__C': 10, 'model__class_weight': 'balanced', 'model__gamma': 'scale', 'model__kernel': 'linear'}",0.9367088607594937,0.9473684210526315,0.9512195121951219,0.9743589743589743,0.9743589743589743,0.9568029485450392,0.015102221817804809,19,PCA + SVM,scale,linear
0.019007110595703126,0.0019285538747521118,0.008613824844360352,0.0025701026743628966,10.0,balanced,,"{'model__C': 10, 'model__class_weight': 'balanced', 'model__gamma': 'scale', 'model__kernel': 'rbf'}",0.9367088607594937,0.9743589743589743,0.9512195121951219,0.9620253164556962,0.9620253164556962,0.9572675960449963,0.012622423970686317,12,PCA + SVM,scale,rbf
0.018519878387451172,0.0011577716965121942,0.00727391242980957,0.001122244776516515,10.0,balanced,,"{'model__C': 10, 'model__class_weight': 'balanced', 'model__gamma': 'auto', 'model__kernel': 'linear'}",0.9367088607594937,0.9473684210526315,0.9512195121951219,0.9743589743589743,0.9743589743589743,0.9568029485450392,0.015102221817804809,19,PCA + SVM,auto,linear
0.022240209579467773,0.0031037724182264017,0.008735179901123047,0.002279465111325264,10.0,balanced,,"{'model__C': 10, 'model__class_weight': 'balanced', 'model__gamma': 'auto', 'model__kernel': 'rbf'}",0.9487179487179487,0.9743589743589743,0.9629629629629629,0.9620253164556962,0.9743589743589743,0.9644848353709113,0.00950744219187179,1,PCA + SVM,auto,rbf
0.05880846977233887,0.009851173040234916,0.007132863998413086,0.0013909043010410958,100.0,,,"{'model__C': 100, 'model__class_weight': None, 'model__gamma': 'scale', 'model__kernel': 'linear'}",0.9487179487179487,0.9473684210526315,0.9512195121951219,0.9743589743589743,0.9736842105263158,0.9590698133701985,0.012272326270638005,6,PCA + SVM,scale,linear
0.019175100326538085,0.0011120545024012713,0.0071376323699951175,0.0011099720033586422,100.0,,,"{'model__C': 100, 'model__class_weight': None, 'model__gamma': 'scale', 'model__kernel': 'rbf'}",0.9487179487179487,0.961038961038961,0.95,0.9620253164556962,0.918918918918919,0.948140229026305,0.015600323156684207,30,PCA + SVM,scale,rbf
0.054601097106933595,0.009354980998821521,0.005808639526367188,0.0006880747206233532,100.0,,,"{'model__C': 100, 'model__class_weight': None, 'model__gamma': 'auto', 'model__kernel': 'linear'}",0.9487179487179487,0.9473684210526315,0.9512195121951219,0.9743589743589743,0.9736842105263158,0.9590698133701985,0.012272326270638005,6,PCA + SVM,auto,linear
0.01960587501525879,0.0017052985629074221,0.006970739364624024,0.0004353204289311735,100.0,,,"{'model__C': 100, 'model__class_weight': None, 'model__gamma': 'auto', 'model__kernel': 'rbf'}",0.8888888888888888,0.9473684210526315,0.95,0.9620253164556962,0.8888888888888888,0.9274343030572212,0.03185785885309403,32,PCA + SVM,auto,rbf
0.04972543716430664,0.00886614295141889,0.006249141693115234,0.0005051436816376918,100.0,balanced,,"{'model__C': 100, 'model__class_weight': 'balanced', 'model__gamma': 'scale', 'model__kernel': 'linear'}",0.9367088607594937,0.9473684210526315,0.9512195121951219,0.9743589743589743,0.9743589743589743,0.9568029485450392,0.015102221817804809,19,PCA + SVM,scale,linear
0.022305727005004883,0.002592123300128254,0.0068305015563964845,0.0012018297649428892,100.0,balanced,,"{'model__C': 100, 'model__class_weight': 'balanced', 'model__gamma': 'scale', 'model__kernel': 'rbf'}",0.9743589743589743,0.9743589743589743,0.9367088607594937,0.9620253164556962,0.9333333333333333,0.9561570918532943,0.01786734876326514,25,PCA + SVM,scale,rbf
0.04775381088256836,0.008605081169609887,0.007230281829833984,0.001588832730966201,100.0,balanced,,"{'model__C': 100, 'model__class_weight': 'balanced', 'model__gamma': 'auto', 'model__kernel': 'linear'}",0.9367088607594937,0.9473684210526315,0.9512195121951219,0.9743589743589743,0.9743589743589743,0.9568029485450392,0.015102221817804809,19,PCA + SVM,auto,linear
0.023888301849365235,0.003432487048322439,0.011855316162109376,0.004755483754674276,100.0,balanced,,"{'model__C': 100, 'model__class_weight': 'balanced', 'model__gamma': 'auto', 'model__kernel': 'rbf'}",0.9041095890410958,0.9473684210526315,0.95,0.9620253164556962,0.9041095890410958,0.9335225831181038,0.024518836612168683,31,PCA + SVM,auto,rbf
