mean_fit_time,std_fit_time,mean_score_time,std_score_time,param_model__C,param_model__class_weight,param_pca__n_components,params,split0_test_score,split1_test_score,split2_test_score,split3_test_score,split4_test_score,mean_test_score,std_test_score,rank_test_score,split0_train_score,split1_train_score,split2_train_score,split3_train_score,split4_train_score,mean_train_score,std_train_score
0.09351592063903809,0.06175213897867613,0.00757598876953125,0.0008340840014716692,0.01,,2,"{'model__C': 0.01, 'model__class_weight': None, 'pca__n_components': 2}",0.9014084507042254,0.8857142857142857,0.9210526315789473,0.9315068493150684,0.961038961038961,0.9201442356702975,0.02584091262790063,79,0.9256756756756757,0.9256756756756757,0.9209621993127147,0.9183673469387755,0.9072164948453608,0.9195794784896405,0.006790460729905419
0.013898134231567383,0.0022539976108396746,0.009725189208984375,0.0043365255521953285,0.01,,3,"{'model__C': 0.01, 'model__class_weight': None, 'pca__n_components': 3}",0.9014084507042254,0.8857142857142857,0.9210526315789473,0.9166666666666666,0.9743589743589743,0.9198402018046199,0.029960458840593073,80,0.9256756756756757,0.9256756756756757,0.9209621993127147,0.9256756756756757,0.9103448275862069,0.9216668107851896,0.00594805470747713
0.01242051124572754,0.0018117439315446882,0.009196996688842773,0.0035994567164340033,0.01,,4,"{'model__C': 0.01, 'model__class_weight': None, 'pca__n_components': 4}",0.9014084507042254,0.8857142857142857,0.9210526315789473,0.9315068493150684,0.9743589743589743,0.9228082383343003,0.03023289137462047,73,0.9292929292929293,0.9256756756756757,0.9319727891156463,0.9256756756756757,0.9178082191780822,0.9260850577876016,0.004770682646772749
0.01401834487915039,0.004582304009167222,0.006228971481323242,0.00015354670344218938,0.01,,5,"{'model__C': 0.01, 'model__class_weight': None, 'pca__n_components': 5}",0.9014084507042254,0.8857142857142857,0.9210526315789473,0.9315068493150684,0.9743589743589743,0.9228082383343003,0.03023289137462047,73,0.9292929292929293,0.9256756756756757,0.9283276450511946,0.9256756756756757,0.9215017064846417,0.9260947264360233,0.0027078207625020312
0.01225423812866211,0.002077390068091266,0.0065387248992919925,0.0006580707395369533,0.01,,6,"{'model__C': 0.01, 'model__class_weight': None, 'pca__n_components': 6}",0.9014084507042254,0.8857142857142857,0.9210526315789473,0.9315068493150684,0.9743589743589743,0.9228082383343003,0.03023289137462047,73,0.9328859060402684,0.9256756756756757,0.9319727891156463,0.9292929292929293,0.9251700680272109,0.9289994736303461,0.0031541419814180034
0.010592508316040038,0.0014198466309764317,0.008500766754150391,0.0032884660414822,0.01,,7,"{'model__C': 0.01, 'model__class_weight': None, 'pca__n_components': 7}",0.9014084507042254,0.8857142857142857,0.9210526315789473,0.9315068493150684,0.9743589743589743,0.9228082383343003,0.03023289137462047,73,0.9328859060402684,0.9256756756756757,0.9319727891156463,0.9364548494983278,0.9288135593220339,0.9311605559303905,0.0036676533265996383
0.0110595703125,0.0008052839057121977,0.006439876556396484,0.0006305199982757239,0.01,,8,"{'model__C': 0.01, 'model__class_weight': None, 'pca__n_components': 8}",0.9014084507042254,0.8857142857142857,0.9210526315789473,0.9315068493150684,0.9743589743589743,0.9228082383343003,0.03023289137462047,73,0.9364548494983278,0.9256756756756757,0.9355932203389831,0.9328859060402684,0.9251700680272109,0.931155943916093,0.004829588833797008
0.014939498901367188,0.010216382902953682,0.009492158889770508,0.005109950275613697,0.01,,9,"{'model__C': 0.01, 'model__class_weight': None, 'pca__n_components': 9}",0.9014084507042254,0.8857142857142857,0.9210526315789473,0.9315068493150684,0.9743589743589743,0.9228082383343003,0.03023289137462047,73,0.9364548494983278,0.9256756756756757,0.9355932203389831,0.9328859060402684,0.9251700680272109,0.931155943916093,0.004829588833797008
0.023604345321655274,0.012617744077436573,0.014887285232543946,0.010639909552723707,0.01,balanced,2,"{'model__C': 0.01, 'model__class_weight': 'balanced', 'pca__n_components': 2}",0.9473684210526315,0.9459459459459459,0.9620253164556962,0.9487179487179487,0.9743589743589743,0.9556833213062393,0.010967874724396445,2,0.9514563106796117,0.9548387096774194,0.9511400651465798,0.9545454545454546,0.948051948051948,0.9520064976202027,0.002496381404916175
0.01088252067565918,0.0008081292975388293,0.013752126693725586,0.008966888334861912,0.01,balanced,3,"{'model__C': 0.01, 'model__class_weight': 'balanced', 'pca__n_components': 3}",0.9473684210526315,0.9459459459459459,0.9620253164556962,0.935064935064935,0.9743589743589743,0.9529527185756365,0.01371708321320748,19,0.9545454545454546,0.9548387096774194,0.954248366013072,0.9576547231270358,0.9511400651465798,0.9544854637019122,0.0020698064514504434
0.017305374145507812,0.005297441038058354,0.011018896102905273,0.005778267764697438,0.01,balanced,4,"{'model__C': 0.01, 'model__class_weight': 'balanced', 'pca__n_components': 4}",0.9473684210526315,0.9459459459459459,0.9620253164556962,0.9487179487179487,0.9743589743589743,0.9556833213062393,0.010967874724396445,2,0.9579288025889967,0.9548387096774194,0.954248366013072,0.9576547231270358,0.9511400651465798,0.9551621333106208,0.0024893400219970006
0.013933229446411132,0.006435623678580444,0.012266302108764648,0.008143841477563675,0.01,balanced,5,"{'model__C': 0.01, 'model__class_weight': 'balanced', 'pca__n_components': 5}",0.9473684210526315,0.9459459459459459,0.9620253164556962,0.9487179487179487,0.9743589743589743,0.9556833213062393,0.010967874724396445,2,0.9579288025889967,0.9548387096774194,0.954248366013072,0.9576547231270358,0.9511400651465798,0.9551621333106208,0.0024893400219970006
0.012778759002685547,0.0034750152290742658,0.006879329681396484,0.0013578197511935795,0.01,balanced,6,"{'model__C': 0.01, 'model__class_weight': 'balanced', 'pca__n_components': 6}",0.9333333333333333,0.9459459459459459,0.9620253164556962,0.9487179487179487,0.9743589743589743,0.9528763037623798,0.014088712067142179,20,0.9579288025889967,0.9548387096774194,0.954248366013072,0.9576547231270358,0.9511400651465798,0.9551621333106208,0.0024893400219970006
0.015757274627685548,0.006454225303388221,0.00932140350341797,0.0054668212421487275,0.01,balanced,7,"{'model__C': 0.01, 'model__class_weight': 'balanced', 'pca__n_components': 7}",0.9333333333333333,0.9459459459459459,0.9620253164556962,0.9487179487179487,0.9743589743589743,0.9528763037623798,0.014088712067142179,20,0.9579288025889967,0.9548387096774194,0.954248366013072,0.9576547231270358,0.9511400651465798,0.9551621333106208,0.0024893400219970006
0.01467900276184082,0.004993140404888462,0.009679031372070313,0.004528411807346124,0.01,balanced,8,"{'model__C': 0.01, 'model__class_weight': 'balanced', 'pca__n_components': 8}",0.9333333333333333,0.9459459459459459,0.9620253164556962,0.9487179487179487,0.9743589743589743,0.9528763037623798,0.014088712067142179,20,0.9579288025889967,0.9548387096774194,0.9508196721311475,0.954248366013072,0.9477124183006536,0.9531095937422579,0.003518086464059045
0.018776464462280273,0.009607343970443287,0.009721469879150391,0.0061838140387216805,0.01,balanced,9,"{'model__C': 0.01, 'model__class_weight': 'balanced', 'pca__n_components': 9}",0.9333333333333333,0.9459459459459459,0.9620253164556962,0.9487179487179487,0.9743589743589743,0.9528763037623798,0.014088712067142179,20,0.9579288025889967,0.9548387096774194,0.9508196721311475,0.954248366013072,0.9477124183006536,0.9531095937422579,0.003518086464059045
0.011836433410644531,0.002413702522149966,0.011944913864135742,0.010263459852813031,0.1,,2,"{'model__C': 0.1, 'model__class_weight': None, 'pca__n_components': 2}",0.918918918918919,0.9459459459459459,0.9487179487179487,0.935064935064935,0.9743589743589743,0.9446013446013446,0.018192311600235718,63,0.9511400651465798,0.9442622950819672,0.9508196721311475,0.9576547231270358,0.9407894736842105,0.9489332458341881,0.005875910611666694
0.015905094146728516,0.008330357804040414,0.00649261474609375,0.0004619457520716209,0.1,,3,"{'model__C': 0.1, 'model__class_weight': None, 'pca__n_components': 3}",0.9333333333333333,0.9166666666666666,0.9620253164556962,0.9066666666666666,0.9743589743589743,0.9386101914962675,0.02590751182799686,72,0.9473684210526315,0.9446254071661238,0.9473684210526315,0.954248366013072,0.9407894736842105,0.9468800177937338,0.004403353894481081
0.013071155548095703,0.006564185044544868,0.009427404403686524,0.0058356838605063315,0.1,,4,"{'model__C': 0.1, 'model__class_weight': None, 'pca__n_components': 4}",0.9333333333333333,0.9315068493150684,0.9487179487179487,0.9333333333333333,0.9743589743589743,0.9442500878117317,0.016292624185551767,67,0.9508196721311475,0.9473684210526315,0.9473684210526315,0.9508196721311475,0.9473684210526315,0.948748921484038,0.001690760823318845
0.011169004440307616,0.0017957806928685423,0.007010602951049804,0.0009704092446174637,0.1,,5,"{'model__C': 0.1, 'model__class_weight': None, 'pca__n_components': 5}",0.9333333333333333,0.9459459459459459,0.935064935064935,0.9473684210526315,0.9743589743589743,0.947214321951164,0.014688458906802617,54,0.9508196721311475,0.9473684210526315,0.9470198675496688,0.9473684210526315,0.9438943894389439,0.9472941542450046,0.0021942625827694774
0.009952545166015625,0.0006569254714600385,0.00841975212097168,0.002454175399306834,0.1,,6,"{'model__C': 0.1, 'model__class_weight': None, 'pca__n_components': 6}",0.9315068493150684,0.9459459459459459,0.935064935064935,0.9333333333333333,0.9743589743589743,0.9440420076036513,0.015969578477640498,69,0.9508196721311475,0.9403973509933775,0.9501661129568106,0.9508196721311475,0.9435215946843853,0.9471448805793738,0.00435415634003109
0.011187505722045899,0.0024345843429622936,0.008325433731079102,0.0029116582848578935,0.1,,7,"{'model__C': 0.1, 'model__class_weight': None, 'pca__n_components': 7}",0.9315068493150684,0.9459459459459459,0.9487179487179487,0.9333333333333333,0.9743589743589743,0.9467726103342542,0.01535664560602163,60,0.9508196721311475,0.9403973509933775,0.9501661129568106,0.9508196721311475,0.9470198675496688,0.9478445351524304,0.003980784649788115
0.010393667221069335,0.0009714513020494326,0.006460428237915039,0.0004828354031886288,0.1,,8,"{'model__C': 0.1, 'model__class_weight': None, 'pca__n_components': 8}",0.9166666666666666,0.9459459459459459,0.9487179487179487,0.9333333333333333,0.9743589743589743,0.9438045738045739,0.019017944167328892,70,0.954248366013072,0.9403973509933775,0.9501661129568106,0.9539473684210527,0.9470198675496688,0.9491558131867963,0.005122240237141142
0.012161445617675782,0.002201632935672204,0.006856584548950195,0.0010325195538459836,0.1,,9,"{'model__C': 0.1, 'model__class_weight': None, 'pca__n_components': 9}",0.9166666666666666,0.9459459459459459,0.9487179487179487,0.9333333333333333,0.9743589743589743,0.9438045738045739,0.019017944167328892,70,0.954248366013072,0.9403973509933775,0.9501661129568106,0.9508196721311475,0.9470198675496688,0.9485302739288152,0.004669896218168654
0.011584615707397461,0.0003764784612226765,0.006949853897094726,0.0016149268782492943,0.1,balanced,2,"{'model__C': 0.1, 'model__class_weight': 'balanced', 'pca__n_components': 2}",0.9473684210526315,0.9333333333333333,0.9620253164556962,0.9487179487179487,0.9743589743589743,0.953160798783717,0.013959665210519188,12,0.9548387096774194,0.9581993569131833,0.948051948051948,0.9514563106796117,0.9449838187702265,0.9515060288184778,0.004698505558993876
0.014341259002685547,0.0032858294872744357,0.006915521621704101,0.0009949608707169435,0.1,balanced,3,"{'model__C': 0.1, 'model__class_weight': 'balanced', 'pca__n_components': 3}",0.9333333333333333,0.9459459459459459,0.9620253164556962,0.9487179487179487,0.9743589743589743,0.9528763037623798,0.014088712067142179,20,0.9579288025889967,0.9581993569131833,0.954248366013072,0.9576547231270358,0.948051948051948,0.9552166393388472,0.0038591978610047844
0.013418006896972656,0.002513412113907421,0.006260585784912109,0.00026910702877427613,0.1,balanced,4,"{'model__C': 0.1, 'model__class_weight': 'balanced', 'pca__n_components': 4}",0.961038961038961,0.9333333333333333,0.9620253164556962,0.9487179487179487,0.9743589743589743,0.9558949067809828,0.01389603059859695,1,0.9548387096774194,0.9612903225806452,0.9576547231270358,0.9579288025889967,0.9514563106796117,0.9566337737307418,0.0032994321695222245
0.013380861282348633,0.003497609327002346,0.006500673294067383,0.0003870637158098504,0.1,balanced,5,"{'model__C': 0.1, 'model__class_weight': 'balanced', 'pca__n_components': 5}",0.961038961038961,0.9333333333333333,0.9487179487179487,0.9487179487179487,0.9743589743589743,0.9532334332334333,0.013740508935428216,11,0.9548387096774194,0.9612903225806452,0.9576547231270358,0.9579288025889967,0.9514563106796117,0.9566337737307418,0.0032994321695222245
0.012144899368286133,0.0010028167227260848,0.0075042724609375,0.0010273217421762739,0.1,balanced,6,"{'model__C': 0.1, 'model__class_weight': 'balanced', 'pca__n_components': 6}",0.9333333333333333,0.9459459459459459,0.9487179487179487,0.9487179487179487,0.9743589743589743,0.9502148302148303,0.013346380144037091,40,0.9579288025889967,0.9579288025889967,0.9576547231270358,0.9576547231270358,0.9511400651465798,0.9564614233157289,0.002663500910716277
0.014014720916748047,0.0032085256866109984,0.006320333480834961,0.000223486591756566,0.1,balanced,7,"{'model__C': 0.1, 'model__class_weight': 'balanced', 'pca__n_components': 7}",0.9333333333333333,0.9459459459459459,0.9487179487179487,0.9487179487179487,0.9743589743589743,0.9502148302148303,0.013346380144037091,40,0.9579288025889967,0.9579288025889967,0.9576547231270358,0.9576547231270358,0.9511400651465798,0.9564614233157289,0.002663500910716277
0.011675119400024414,0.0009254553301783369,0.0068089962005615234,0.0009820406110885996,0.1,balanced,8,"{'model__C': 0.1, 'model__class_weight': 'balanced', 'pca__n_components': 8}",0.9333333333333333,0.9459459459459459,0.9620253164556962,0.9487179487179487,0.9743589743589743,0.9528763037623798,0.014088712067142179,20,0.961038961038961,0.9579288025889967,0.954248366013072,0.9576547231270358,0.9511400651465798,0.956402183582929,0.0033978801226175284
0.014395809173583985,0.004836900757394171,0.011487150192260742,0.010713610327954707,0.1,balanced,9,"{'model__C': 0.1, 'model__class_weight': 'balanced', 'pca__n_components': 9}",0.9333333333333333,0.9459459459459459,0.9620253164556962,0.9487179487179487,0.9743589743589743,0.9528763037623798,0.014088712067142179,20,0.961038961038961,0.9579288025889967,0.954248366013072,0.9576547231270358,0.9511400651465798,0.956402183582929,0.0033978801226175284
0.012225580215454102,0.006044578781328344,0.006861972808837891,0.0018286283157436286,1.0,,2,"{'model__C': 1, 'model__class_weight': None, 'pca__n_components': 2}",0.918918918918919,0.9459459459459459,0.9487179487179487,0.935064935064935,0.9743589743589743,0.9446013446013446,0.018192311600235718,63,0.9511400651465798,0.948051948051948,0.954248366013072,0.9545454545454546,0.9477124183006536,0.9511396504115416,0.002916965562536654
0.01652522087097168,0.010608573140536258,0.005770444869995117,0.0002677834864779321,1.0,,3,"{'model__C': 1, 'model__class_weight': None, 'pca__n_components': 3}",0.9473684210526315,0.9459459459459459,0.9620253164556962,0.9066666666666666,0.9743589743589743,0.9472730648959828,0.02281195007964208,51,0.9508196721311475,0.9446254071661238,0.9473684210526315,0.9576547231270358,0.9477124183006536,0.9496361283555185,0.004464283181054709
0.012898778915405274,0.004442660843513153,0.0061034679412841795,0.00011322612534953246,1.0,,4,"{'model__C': 1, 'model__class_weight': None, 'pca__n_components': 4}",0.9473684210526315,0.9333333333333333,0.9487179487179487,0.9333333333333333,0.9743589743589743,0.9474224021592443,0.014995092513748774,50,0.9508196721311475,0.9511400651465798,0.9473684210526315,0.954248366013072,0.9477124183006536,0.9502577885288168,0.0025237348466715195
0.014497804641723632,0.009734543683180136,0.008222532272338868,0.004974787745256382,1.0,,5,"{'model__C': 1, 'model__class_weight': None, 'pca__n_components': 5}",0.9473684210526315,0.9459459459459459,0.935064935064935,0.9333333333333333,0.9743589743589743,0.947214321951164,0.014688458906802617,54,0.9508196721311475,0.9511400651465798,0.9508196721311475,0.9508196721311475,0.9477124183006536,0.9502622999681352,0.001280965215058691
0.018121099472045897,0.011500585373126598,0.01056809425354004,0.00982068072164369,1.0,,6,"{'model__C': 1, 'model__class_weight': None, 'pca__n_components': 6}",0.96,0.9459459459459459,0.9210526315789473,0.9333333333333333,0.9743589743589743,0.9469381770434403,0.01886080116691606,56,0.9573770491803278,0.9508196721311475,0.9570957095709571,0.9539473684210527,0.9470198675496688,0.9532519333706307,0.00392503159133422
0.012586021423339843,0.003485786654216015,0.007022666931152344,0.0017770021706391935,1.0,,7,"{'model__C': 1, 'model__class_weight': None, 'pca__n_components': 7}",0.96,0.9459459459459459,0.9487179487179487,0.9333333333333333,0.9743589743589743,0.9524712404712405,0.013846886090587037,28,0.9573770491803278,0.9508196721311475,0.9570957095709571,0.9539473684210527,0.9470198675496688,0.9532519333706307,0.00392503159133422
0.012266063690185547,0.002332774027730177,0.011713266372680664,0.01140620848500869,1.0,,8,"{'model__C': 1, 'model__class_weight': None, 'pca__n_components': 8}",0.96,0.9459459459459459,0.9487179487179487,0.9473684210526315,0.9743589743589743,0.9552782580151,0.010761633806913907,6,0.9573770491803278,0.9508196721311475,0.9570957095709571,0.9573770491803278,0.9470198675496688,0.9539378695224858,0.004271060137174542
0.015129327774047852,0.009476355671488615,0.01762557029724121,0.010958913267079732,1.0,,9,"{'model__C': 1, 'model__class_weight': None, 'pca__n_components': 9}",0.96,0.9459459459459459,0.9487179487179487,0.9473684210526315,0.9743589743589743,0.9552782580151,0.010761633806913907,6,0.9573770491803278,0.9473684210526315,0.9570957095709571,0.9573770491803278,0.9470198675496688,0.9532476193067827,0.004944937712492188
0.015482091903686523,0.010485233331384802,0.010435724258422851,0.00601487380586662,1.0,balanced,2,"{'model__C': 1, 'model__class_weight': 'balanced', 'pca__n_components': 2}",0.9473684210526315,0.9333333333333333,0.9620253164556962,0.9487179487179487,0.9743589743589743,0.953160798783717,0.013959665210519188,12,0.9548387096774194,0.9581993569131833,0.9449838187702265,0.9514563106796117,0.9449838187702265,0.9508924029621335,0.00527457370701006
0.011569070816040038,0.002161790801036203,0.008576583862304688,0.0038082929686915233,1.0,balanced,3,"{'model__C': 1, 'model__class_weight': 'balanced', 'pca__n_components': 3}",0.9473684210526315,0.9459459459459459,0.9620253164556962,0.9487179487179487,0.9743589743589743,0.9556833213062393,0.010967874724396445,2,0.9612903225806452,0.9581993569131833,0.961038961038961,0.961038961038961,0.9548387096774194,0.9592812622498339,0.0024948797965263863
0.016494226455688477,0.007350773093161028,0.008922004699707031,0.002909984001730137,1.0,balanced,4,"{'model__C': 1, 'model__class_weight': 'balanced', 'pca__n_components': 4}",0.9473684210526315,0.9333333333333333,0.9487179487179487,0.961038961038961,0.9743589743589743,0.9529635277003697,0.01383945411864495,16,0.9612903225806452,0.9612903225806452,0.961038961038961,0.9579288025889967,0.9579288025889967,0.959895442275649,0.001608375615757137
0.01913928985595703,0.008263442688395437,0.007474374771118164,0.001338294275653031,1.0,balanced,5,"{'model__C': 1, 'model__class_weight': 'balanced', 'pca__n_components': 5}",0.9473684210526315,0.9333333333333333,0.9487179487179487,0.9487179487179487,0.9743589743589743,0.9504993252361673,0.013267277790695654,30,0.9579288025889967,0.9579288025889967,0.9576547231270358,0.9579288025889967,0.9579288025889967,0.9578739866966046,0.00010963178478435864
0.011325263977050781,0.0017931593150275812,0.008671092987060546,0.003080279867929816,1.0,balanced,6,"{'model__C': 1, 'model__class_weight': 'balanced', 'pca__n_components': 6}",0.9473684210526315,0.9333333333333333,0.9487179487179487,0.935064935064935,0.9743589743589743,0.9477687225055644,0.014682434683483021,45,0.9576547231270358,0.9579288025889967,0.9576547231270358,0.9576547231270358,0.9511400651465798,0.9564066074233368,0.0026354098013283483
0.012529563903808594,0.0009151455386074926,0.006529569625854492,0.0006012356699532795,1.0,balanced,7,"{'model__C': 1, 'model__class_weight': 'balanced', 'pca__n_components': 7}",0.9473684210526315,0.9333333333333333,0.9487179487179487,0.9473684210526315,0.9743589743589743,0.9502294197031038,0.013314415598142943,33,0.9576547231270358,0.9579288025889967,0.9576547231270358,0.961038961038961,0.9511400651465798,0.9570834550057219,0.0032353428895915215
0.013036155700683593,0.002319487799869334,0.00693511962890625,0.0005750251830140351,1.0,balanced,8,"{'model__C': 1, 'model__class_weight': 'balanced', 'pca__n_components': 8}",0.9473684210526315,0.9333333333333333,0.9487179487179487,0.9473684210526315,0.9743589743589743,0.9502294197031038,0.013314415598142943,33,0.9576547231270358,0.9579288025889967,0.954248366013072,0.961038961038961,0.9511400651465798,0.956402183582929,0.0033978801226175284
0.011894702911376953,0.000976379571113301,0.0064163684844970705,0.0006055904072609415,1.0,balanced,9,"{'model__C': 1, 'model__class_weight': 'balanced', 'pca__n_components': 9}",0.9473684210526315,0.9333333333333333,0.9487179487179487,0.9473684210526315,0.9743589743589743,0.9502294197031038,0.013314415598142943,33,0.9576547231270358,0.9579288025889967,0.954248366013072,0.961038961038961,0.9545454545454546,0.9570832614627041,0.0024966442889301126
0.013692665100097656,0.0064270699309996486,0.0070288658142089845,0.0011710846595633967,10.0,,2,"{'model__C': 10, 'model__class_weight': None, 'pca__n_components': 2}",0.918918918918919,0.9459459459459459,0.9487179487179487,0.935064935064935,0.9743589743589743,0.9446013446013446,0.018192311600235718,63,0.9511400651465798,0.9514563106796117,0.9508196721311475,0.9545454545454546,0.9477124183006536,0.9511347841606893,0.0021701595948592093
0.011339426040649414,0.0011472611553789878,0.007014608383178711,0.0011950718908232188,10.0,,3,"{'model__C': 10, 'model__class_weight': None, 'pca__n_components': 3}",0.9473684210526315,0.9459459459459459,0.9620253164556962,0.9066666666666666,0.9743589743589743,0.9472730648959828,0.02281195007964208,51,0.9473684210526315,0.9446254071661238,0.9508196721311475,0.9576547231270358,0.9477124183006536,0.9496361283555184,0.00446428318105471
0.01121058464050293,0.001225477875422044,0.00650477409362793,0.0004993624179228691,10.0,,4,"{'model__C': 10, 'model__class_weight': None, 'pca__n_components': 4}",0.9473684210526315,0.9333333333333333,0.935064935064935,0.9473684210526315,0.9743589743589743,0.947498816972501,0.014674906521274865,48,0.9473684210526315,0.9545454545454546,0.9504950495049505,0.9477124183006536,0.9477124183006536,0.9495667523408688,0.002733458658367977
0.010823202133178712,0.000627281255294844,0.006461143493652344,0.0006093013191420272,10.0,,5,"{'model__C': 10, 'model__class_weight': None, 'pca__n_components': 5}",0.9473684210526315,0.9333333333333333,0.935064935064935,0.9333333333333333,0.9743589743589743,0.9446917994286416,0.015735384286497178,61,0.9473684210526315,0.9545454545454546,0.9539473684210527,0.9473684210526315,0.9477124183006536,0.9501884166744847,0.00332110872462341
0.014006280899047851,0.0046264209386856275,0.007452678680419922,0.0013275306662327594,10.0,,6,"{'model__C': 10, 'model__class_weight': None, 'pca__n_components': 6}",0.96,0.9315068493150684,0.9210526315789473,0.9333333333333333,0.9743589743589743,0.9440503577172648,0.019870042545984283,68,0.9573770491803278,0.9508196721311475,0.9570957095709571,0.9539473684210527,0.9470198675496688,0.9532519333706307,0.00392503159133422
0.010700750350952148,0.0014076798206055412,0.00634918212890625,0.00029242419630323187,10.0,,7,"{'model__C': 10, 'model__class_weight': None, 'pca__n_components': 7}",0.96,0.9459459459459459,0.935064935064935,0.9473684210526315,0.9743589743589743,0.9525476552844973,0.013470884315605,27,0.9573770491803278,0.9508196721311475,0.9570957095709571,0.9539473684210527,0.9470198675496688,0.9532519333706307,0.00392503159133422
0.011277914047241211,0.0007303656863432523,0.006334877014160157,0.0003059050890518775,10.0,,8,"{'model__C': 10, 'model__class_weight': None, 'pca__n_components': 8}",0.96,0.9459459459459459,0.9487179487179487,0.9473684210526315,0.9743589743589743,0.9552782580151,0.010761633806913907,6,0.9573770491803278,0.9508196721311475,0.9570957095709571,0.9539473684210527,0.9470198675496688,0.9532519333706307,0.00392503159133422
0.01096205711364746,0.0009259709037962909,0.006750869750976563,0.0008373154240892029,10.0,,9,"{'model__C': 10, 'model__class_weight': None, 'pca__n_components': 9}",0.96,0.9041095890410958,0.9487179487179487,0.9473684210526315,0.9743589743589743,0.9469109866341301,0.02349531142663024,57,0.9573770491803278,0.9508196721311475,0.9570957095709571,0.9573770491803278,0.9470198675496688,0.9539378695224858,0.004271060137174542
0.016424560546875,0.006832176965203816,0.0063785076141357425,0.0003946651735680585,10.0,balanced,2,"{'model__C': 10, 'model__class_weight': 'balanced', 'pca__n_components': 2}",0.9473684210526315,0.9333333333333333,0.9620253164556962,0.9487179487179487,0.9743589743589743,0.953160798783717,0.013959665210519188,12,0.9548387096774194,0.9581993569131833,0.9449838187702265,0.9514563106796117,0.9449838187702265,0.9508924029621335,0.00527457370701006
0.01238842010498047,0.0016725457153523252,0.009045219421386719,0.002209395684442996,10.0,balanced,3,"{'model__C': 10, 'model__class_weight': 'balanced', 'pca__n_components': 3}",0.9473684210526315,0.9459459459459459,0.9620253164556962,0.9367088607594937,0.9743589743589743,0.9532815037145482,0.013297680089984023,9,0.9548387096774194,0.9581993569131833,0.9579288025889967,0.961038961038961,0.9579288025889967,0.9579869265615114,0.0019635716155769144
0.01214442253112793,0.0008533000692904208,0.008194398880004884,0.003342206075265605,10.0,balanced,4,"{'model__C': 10, 'model__class_weight': 'balanced', 'pca__n_components': 4}",0.9473684210526315,0.9333333333333333,0.9487179487179487,0.961038961038961,0.9743589743589743,0.9529635277003697,0.01383945411864495,16,0.9612903225806452,0.9612903225806452,0.961038961038961,0.9579288025889967,0.9511400651465798,0.9585376947871656,0.003911672951807397
0.011250972747802734,0.000808950760628991,0.007417869567871094,0.001292823714338976,10.0,balanced,5,"{'model__C': 10, 'model__class_weight': 'balanced', 'pca__n_components': 5}",0.9473684210526315,0.9333333333333333,0.9487179487179487,0.9487179487179487,0.9743589743589743,0.9504993252361673,0.013267277790695654,30,0.9612903225806452,0.9579288025889967,0.961038961038961,0.9579288025889967,0.9511400651465798,0.9578653907888359,0.0036616868522092944
0.012368869781494141,0.0012917557287175903,0.007984638214111328,0.0023378529925085424,10.0,balanced,6,"{'model__C': 10, 'model__class_weight': 'balanced', 'pca__n_components': 6}",0.9473684210526315,0.9333333333333333,0.9487179487179487,0.935064935064935,0.9743589743589743,0.9477687225055644,0.014682434683483021,45,0.9576547231270358,0.9576547231270358,0.9576547231270358,0.9576547231270358,0.9545454545454546,0.9570328694107196,0.0012437074326324903
0.013466453552246094,0.0014493355458038983,0.006488418579101563,0.00040892150729369254,10.0,balanced,7,"{'model__C': 10, 'model__class_weight': 'balanced', 'pca__n_components': 7}",0.9473684210526315,0.9333333333333333,0.9487179487179487,0.9473684210526315,0.9743589743589743,0.9502294197031038,0.013314415598142943,33,0.961038961038961,0.9576547231270358,0.9576547231270358,0.961038961038961,0.9579288025889967,0.9590632341841981,0.0016162756602603923
0.011599397659301758,0.0006760243106424341,0.008365631103515625,0.0029455408664407763,10.0,balanced,8,"{'model__C': 10, 'model__class_weight': 'balanced', 'pca__n_components': 8}",0.9473684210526315,0.9333333333333333,0.9487179487179487,0.9473684210526315,0.9743589743589743,0.9502294197031038,0.013314415598142943,33,0.961038961038961,0.9576547231270358,0.9607843137254902,0.961038961038961,0.9579288025889967,0.959689152303889,0.0015544181532824437
0.012952280044555665,0.0026389104992297634,0.007655954360961914,0.0012162153873845629,10.0,balanced,9,"{'model__C': 10, 'model__class_weight': 'balanced', 'pca__n_components': 9}",0.9473684210526315,0.9333333333333333,0.9487179487179487,0.9473684210526315,0.9743589743589743,0.9502294197031038,0.013314415598142943,33,0.961038961038961,0.9579288025889967,0.9607843137254902,0.961038961038961,0.9579288025889967,0.9597439681962812,0.0014849905123647162
0.00999135971069336,0.0005287680207413887,0.0068266868591308595,0.0006308964199233079,100.0,,2,"{'model__C': 100, 'model__class_weight': None, 'pca__n_components': 2}",0.918918918918919,0.9459459459459459,0.9487179487179487,0.935064935064935,0.9743589743589743,0.9446013446013446,0.018192311600235718,63,0.9511400651465798,0.9514563106796117,0.9508196721311475,0.9545454545454546,0.9477124183006536,0.9511347841606893,0.0021701595948592093
0.011283493041992188,0.001636940353880335,0.006428813934326172,0.00044892967711138165,100.0,,3,"{'model__C': 100, 'model__class_weight': None, 'pca__n_components': 3}",0.9473684210526315,0.9459459459459459,0.9620253164556962,0.9066666666666666,0.9743589743589743,0.9472730648959828,0.02281195007964208,51,0.9473684210526315,0.9446254071661238,0.9508196721311475,0.9576547231270358,0.9477124183006536,0.9496361283555184,0.00446428318105471
0.011157703399658204,0.0017833674871951246,0.00800027847290039,0.003089127261005369,100.0,,4,"{'model__C': 100, 'model__class_weight': None, 'pca__n_components': 4}",0.9473684210526315,0.9333333333333333,0.935064935064935,0.9473684210526315,0.9743589743589743,0.947498816972501,0.014674906521274865,48,0.9473684210526315,0.9545454545454546,0.9504950495049505,0.9477124183006536,0.9477124183006536,0.9495667523408688,0.002733458658367977
0.010317611694335937,0.0006713806803659347,0.007213449478149414,0.0013813658961911665,100.0,,5,"{'model__C': 100, 'model__class_weight': None, 'pca__n_components': 5}",0.9473684210526315,0.9333333333333333,0.935064935064935,0.9333333333333333,0.9743589743589743,0.9446917994286416,0.015735384286497178,61,0.9473684210526315,0.9545454545454546,0.9539473684210527,0.9438943894389439,0.9477124183006536,0.9494936103517473,0.004108465411993326
0.010802173614501953,0.0007282840020770494,0.006825828552246093,0.0009045383534210491,100.0,,6,"{'model__C': 100, 'model__class_weight': None, 'pca__n_components': 6}",0.96,0.9315068493150684,0.9210526315789473,0.9473684210526315,0.9743589743589743,0.9468573752611242,0.019135574980074028,59,0.9573770491803278,0.9508196721311475,0.9570957095709571,0.9539473684210527,0.9470198675496688,0.9532519333706307,0.00392503159133422
0.01190810203552246,0.0024917916519971942,0.007077407836914062,0.0009729456162807478,100.0,,7,"{'model__C': 100, 'model__class_weight': None, 'pca__n_components': 7}",0.96,0.9315068493150684,0.935064935064935,0.9473684210526315,0.9743589743589743,0.9496598359583219,0.01590445892554248,42,0.9573770491803278,0.9508196721311475,0.9570957095709571,0.9539473684210527,0.9470198675496688,0.9532519333706307,0.00392503159133422
0.011170768737792968,0.002105748872302685,0.007085037231445312,0.0011589597650017943,100.0,,8,"{'model__C': 100, 'model__class_weight': None, 'pca__n_components': 8}",0.96,0.9315068493150684,0.9487179487179487,0.9473684210526315,0.9743589743589743,0.9523904386889246,0.014250292149252646,29,0.9573770491803278,0.9508196721311475,0.9570957095709571,0.9539473684210527,0.9470198675496688,0.9532519333706307,0.00392503159133422
0.011752700805664063,0.0010663395473655111,0.006214952468872071,0.00022610281611559237,100.0,,9,"{'model__C': 100, 'model__class_weight': None, 'pca__n_components': 9}",0.96,0.9041095890410958,0.9487179487179487,0.9473684210526315,0.9743589743589743,0.9469109866341301,0.02349531142663024,57,0.9573770491803278,0.9508196721311475,0.9570957095709571,0.9573770491803278,0.9470198675496688,0.9539378695224858,0.004271060137174542
0.012675189971923828,0.0024780454572197056,0.00667729377746582,0.0010508495770912524,100.0,balanced,2,"{'model__C': 100, 'model__class_weight': 'balanced', 'pca__n_components': 2}",0.9473684210526315,0.9333333333333333,0.9620253164556962,0.9487179487179487,0.9743589743589743,0.953160798783717,0.013959665210519188,12,0.9548387096774194,0.9581993569131833,0.9449838187702265,0.9514563106796117,0.9449838187702265,0.9508924029621335,0.00527457370701006
0.01169118881225586,0.0005590598070928435,0.006132936477661133,0.0002769767483213031,100.0,balanced,3,"{'model__C': 100, 'model__class_weight': 'balanced', 'pca__n_components': 3}",0.9473684210526315,0.9459459459459459,0.9620253164556962,0.9367088607594937,0.9743589743589743,0.9532815037145482,0.013297680089984023,9,0.9548387096774194,0.9581993569131833,0.9579288025889967,0.961038961038961,0.9579288025889967,0.9579869265615114,0.0019635716155769144
0.012008762359619141,0.0007564926101775365,0.006514120101928711,0.0005811994678964896,100.0,balanced,4,"{'model__C': 100, 'model__class_weight': 'balanced', 'pca__n_components': 4}",0.9473684210526315,0.9333333333333333,0.9487179487179487,0.961038961038961,0.9743589743589743,0.9529635277003697,0.01383945411864495,16,0.9612903225806452,0.9612903225806452,0.961038961038961,0.9579288025889967,0.9511400651465798,0.9585376947871656,0.003911672951807397
0.01190032958984375,0.0007943110329058698,0.007905960083007812,0.002996692880148273,100.0,balanced,5,"{'model__C': 100, 'model__class_weight': 'balanced', 'pca__n_components': 5}",0.9473684210526315,0.9333333333333333,0.9487179487179487,0.9487179487179487,0.9743589743589743,0.9504993252361673,0.013267277790695654,30,0.9612903225806452,0.9579288025889967,0.961038961038961,0.9579288025889967,0.9511400651465798,0.9578653907888359,0.0036616868522092944
0.01132822036743164,0.0005474795817759032,0.007459306716918945,0.0019748524541642882,100.0,balanced,6,"{'model__C': 100, 'model__class_weight': 'balanced', 'pca__n_components': 6}",0.9473684210526315,0.9333333333333333,0.9487179487179487,0.935064935064935,0.9743589743589743,0.9477687225055644,0.014682434683483021,45,0.961038961038961,0.9576547231270358,0.9641693811074918,0.9576547231270358,0.9579288025889967,0.9596893181979043,0.002579576278627543
0.013990831375122071,0.0025040325779061693,0.007550477981567383,0.0015412902992534797,100.0,balanced,7,"{'model__C': 100, 'model__class_weight': 'balanced', 'pca__n_components': 7}",0.9473684210526315,0.9333333333333333,0.9487179487179487,0.9473684210526315,0.9743589743589743,0.9502294197031038,0.013314415598142943,33,0.961038961038961,0.9576547231270358,0.9607843137254902,0.961038961038961,0.9579288025889967,0.959689152303889,0.0015544181532824437
0.012236309051513673,0.0005255199454302546,0.006377315521240235,0.00024481720605017436,100.0,balanced,8,"{'model__C': 100, 'model__class_weight': 'balanced', 'pca__n_components': 8}",0.9473684210526315,0.9333333333333333,0.9367088607594937,0.9473684210526315,0.9743589743589743,0.9478276021114128,0.014408647712330611,43,0.9641693811074918,0.9576547231270358,0.9607843137254902,0.961038961038961,0.9579288025889967,0.9603152363175951,0.0023820847813012017
0.012139272689819337,0.00046485647159837535,0.006152629852294922,0.0006371666650950985,100.0,balanced,9,"{'model__C': 100, 'model__class_weight': 'balanced', 'pca__n_components': 9}",0.9473684210526315,0.9333333333333333,0.9367088607594937,0.9473684210526315,0.9743589743589743,0.9478276021114128,0.014408647712330611,43,0.9641693811074918,0.9579288025889967,0.9607843137254902,0.961038961038961,0.9579288025889967,0.9603700522099873,0.002322642939415883
