rank_test_score,param_pca__n_components,param_model__C,param_model__class_weight,mean_train_score,mean_test_score,std_test_score
1,4,0.1,balanced,0.9566337737307418,0.9558949067809828,0.01389603059859695
2,4,0.01,balanced,0.9551621333106208,0.9556833213062393,0.010967874724396445
2,2,0.01,balanced,0.9520064976202027,0.9556833213062393,0.010967874724396445
2,5,0.01,balanced,0.9551621333106208,0.9556833213062393,0.010967874724396445
2,3,1.0,balanced,0.9592812622498339,0.9556833213062393,0.010967874724396445
6,8,10.0,,0.9532519333706307,0.9552782580151,0.010761633806913907
6,8,1.0,,0.9539378695224858,0.9552782580151,0.010761633806913907
6,9,1.0,,0.9532476193067827,0.9552782580151,0.010761633806913907
9,3,10.0,balanced,0.9579869265615114,0.9532815037145482,0.013297680089984023
9,3,100.0,balanced,0.9579869265615114,0.9532815037145482,0.013297680089984023
