rank_test_score,param_model__n_estimators,param_model__max_depth,param_model__min_samples_split,param_model__min_samples_leaf,param_model__max_features,param_model__class_weight,mean_train_score,mean_test_score,std_test_score
1,200,5,2,2,sqrt,balanced,0.9718844627265366,0.9519814432654652,0.01568264960172163
1,200,5,5,2,sqrt,balanced,0.9718844627265366,0.9519814432654652,0.01568264960172163
3,100,5,2,2,sqrt,balanced,0.9731217565529109,0.949244601160202,0.012534457422900264
3,200,5,5,1,sqrt,balanced,0.971872565547908,0.949244601160202,0.012534457422900264
5,100,5,2,1,sqrt,balanced,0.9731217565529109,0.9491126891015746,0.01452039133680844
6,200,5,2,1,sqrt,balanced,0.9743669819936219,0.948960106138865,0.012589833213932304
7,200,5,2,1,sqrt,,0.9793920057161895,0.9485903456198814,0.010633133083060669
8,200,5,5,1,sqrt,,0.9755831265508684,0.9485307614110635,0.013565666343596955
9,100,5,5,2,sqrt,,0.9749235503285913,0.9482182125753079,0.01381416031713613
10,100,,2,1,sqrt,,1.0,0.9477885493501932,0.018631992674966423
10,100,10,2,1,sqrt,,1.0,0.9477885493501932,0.018631992674966423
12,100,5,5,1,sqrt,balanced,0.9724951591417476,0.9464337903493913,0.011324860700079783
12,100,5,5,2,sqrt,balanced,0.9724991629590714,0.9464337903493913,0.011324860700079783
12,200,,5,2,sqrt,balanced,0.9737403845824584,0.9464337903493913,0.011324860700079783
12,200,10,5,2,sqrt,balanced,0.9737403845824584,0.9464337903493913,0.011324860700079783
16,100,5,2,1,sqrt,,0.977467067731563,0.9460640298304078,0.008996878625878734
16,100,5,2,2,sqrt,,0.9749195077646483,0.9460640298304078,0.008996878625878734
18,100,,2,2,sqrt,,0.9844617351538743,0.9458764404234092,0.016330069554369
18,100,10,2,2,sqrt,,0.9844617351538743,0.9458764404234092,0.016330069554369
20,100,5,5,1,sqrt,,0.9748861953438887,0.9458043738745493,0.016679994740153022
21,200,5,2,2,sqrt,,0.9749235503285913,0.945521889516578,0.010676301613136558
21,200,5,5,2,sqrt,,0.9743009567347517,0.945521889516578,0.010676301613136558
23,200,,2,2,sqrt,,0.9844617351538743,0.9452622335607195,0.017634632849441674
23,200,10,2,2,sqrt,,0.9844617351538743,0.9452622335607195,0.017634632849441674
23,200,10,5,2,sqrt,,0.9825616516042821,0.9452622335607195,0.017634632849441674
23,200,,5,2,sqrt,,0.9825616516042821,0.9452622335607195,0.017634632849441674
27,200,,2,2,sqrt,balanced,0.974362978176298,0.9437755625012901,0.011728494167414037
27,100,,2,2,sqrt,balanced,0.9749855717701378,0.9437755625012901,0.011728494167414037
27,100,10,2,2,sqrt,balanced,0.9749855717701378,0.9437755625012901,0.011728494167414037
27,200,10,2,2,sqrt,balanced,0.974362978176298,0.9437755625012901,0.011728494167414037
31,200,10,5,1,sqrt,balanced,0.977500046542677,0.9436267728055316,0.012430720424830753
31,200,,5,1,sqrt,balanced,0.977500046542677,0.9436267728055316,0.012430720424830753
33,100,,5,2,sqrt,,0.9818936716274642,0.943150052886895,0.01861162748173748
33,100,10,5,2,sqrt,,0.9818936716274642,0.943150052886895,0.01861162748173748
35,100,10,5,1,sqrt,,0.9863741436556971,0.9428655578655579,0.01855575969086122
35,100,,5,1,sqrt,,0.9863741436556971,0.9428655578655579,0.01855575969086122
37,100,,5,1,sqrt,balanced,0.9768694065675707,0.9409685449574304,0.012202644444085267
37,100,10,5,1,sqrt,balanced,0.9768694065675707,0.9409685449574304,0.012202644444085267
39,100,10,5,2,sqrt,balanced,0.9743629781762981,0.9408877431751146,0.012584920610167503
39,100,,5,2,sqrt,balanced,0.9743629781762981,0.9408877431751146,0.012584920610167503
41,200,5,2,1,,balanced,0.9775081709187565,0.9407642546887678,0.018238216459027932
42,200,,2,1,sqrt,,1.0,0.9398527791106256,0.013339536774686472
42,200,10,2,1,sqrt,,1.0,0.9398527791106256,0.013339536774686472
44,200,10,5,1,,,0.9895722339868728,0.9395239939717136,0.013432906881873987
44,200,10,2,2,,,0.9889122522960424,0.9395239939717136,0.013432906881873987
44,200,10,2,1,,,1.0,0.9395239939717136,0.013432906881873987
44,100,5,5,1,,,0.9818644139032487,0.9395239939717136,0.013432906881873987
44,100,,2,1,,,1.0,0.9395239939717136,0.013432906881873987
44,200,,2,2,,,0.9889122522960424,0.9395239939717136,0.013432906881873987
44,100,10,5,1,,,0.9908752208809691,0.9395239939717136,0.013432906881873987
44,200,10,5,2,,,0.9857014710726968,0.9395239939717136,0.013432906881873987
44,200,,5,1,,,0.9895722339868728,0.9395239939717136,0.013432906881873987
44,200,,5,2,,,0.9857014710726968,0.9395239939717136,0.013432906881873987
44,200,5,5,1,,,0.9805950516755402,0.9395239939717136,0.013432906881873987
44,200,5,5,2,,,0.978640695352252,0.9395239939717136,0.013432906881873987
44,200,5,2,2,,,0.9812296107692287,0.9395239939717136,0.013432906881873987
44,100,5,2,1,,,0.9838228917965843,0.9395239939717136,0.013432906881873987
44,200,,2,1,,,1.0,0.9395239939717136,0.013432906881873987
44,100,,5,1,,,0.9908752208809691,0.9395239939717136,0.013432906881873987
44,100,10,2,1,,,1.0,0.9395239939717136,0.013432906881873987
44,200,5,2,1,,,0.9838228917965843,0.9395239939717136,0.013432906881873987
62,200,5,5,1,,balanced,0.976885577324917,0.9382379388992941,0.016154581123471217
62,200,5,5,2,,balanced,0.9750056683499949,0.9382379388992941,0.016154581123471217
64,100,,2,1,sqrt,balanced,0.9973813350476803,0.9381613556386004,0.014522378890191173
64,100,10,2,1,sqrt,balanced,0.9960741455051967,0.9381613556386004,0.014522378890191173
66,100,5,2,2,,balanced,0.9756282619438345,0.9380482053060517,0.022578893942770045
66,100,5,5,2,,balanced,0.9756282619438345,0.9380482053060517,0.022578893942770045
68,200,5,2,2,,balanced,0.9756282619438345,0.9380378671522536,0.019608121953217515
69,200,,5,1,sqrt,,0.9850964569411171,0.9375110069587267,0.014649351845521833
69,200,10,5,1,sqrt,,0.9850964569411171,0.9375110069587267,0.014649351845521833
71,100,5,2,2,,,0.9812296107692287,0.9366361746455383,0.013293235689391471
71,100,5,5,2,,,0.9792753357927175,0.9366361746455383,0.013293235689391471
73,100,,5,1,,balanced,0.9793879631522465,0.9353218177695375,0.02338466061831053
73,100,5,5,1,,balanced,0.9762508555376741,0.9353218177695375,0.02338466061831053
73,100,10,5,1,,balanced,0.9793879631522465,0.9353218177695375,0.02338466061831053
76,100,,5,2,,balanced,0.9768734491315136,0.9352373944952408,0.02044515584803997
76,100,10,5,2,,balanced,0.9768734491315136,0.9352373944952408,0.02044515584803997
78,200,10,2,2,,balanced,0.9793920057161895,0.9352270563414429,0.01710608883746127
78,200,,2,2,,balanced,0.9793920057161895,0.9352270563414429,0.01710608883746127
80,100,10,5,2,,,0.9837640227855591,0.9342385722479358,0.014395781315822701
80,100,,5,2,,,0.9837640227855591,0.9342385722479358,0.014395781315822701
82,200,10,5,1,,balanced,0.9800186031273528,0.9327955019800639,0.021158489437043643
82,200,,5,1,,balanced,0.9800186031273528,0.9327955019800639,0.021158489437043643
84,200,10,5,2,,balanced,0.9762508555376741,0.9327045338189203,0.016247875982234327
84,200,,5,2,,balanced,0.9762508555376741,0.9327045338189203,0.016247875982234327
84,200,,2,1,sqrt,balanced,1.0,0.9327045338189203,0.016247875982234327
84,200,10,2,1,sqrt,balanced,0.999344262295082,0.9327045338189203,0.016247875982234327
88,100,5,2,1,,balanced,0.976885577324917,0.9325370076429552,0.02783149535375039
89,100,,2,2,,balanced,0.9787532413650035,0.9325110069587268,0.020969348561201452
89,200,10,2,1,,balanced,0.9980327868852459,0.9325110069587268,0.020969348561201452
89,100,10,2,2,,balanced,0.9781266439538403,0.9325110069587268,0.020969348561201452
89,200,,2,1,,balanced,0.9980327868852459,0.9325110069587268,0.020969348561201452
93,100,,2,2,,,0.9889292287836071,0.9312705357182555,0.0160838798169624
93,100,10,2,2,,,0.9889292287836071,0.9312705357182555,0.0160838798169624
95,100,,2,1,,balanced,0.9960741455051967,0.9297261968321445,0.02553053488773241
95,100,10,2,1,,balanced,0.9960741455051967,0.9297261968321445,0.02553053488773241
