rank_test_score,param_model__C,param_model__kernel,param_model__gamma,param_model__class_weight,mean_train_score,mean_test_score,std_test_score
1,0.1,linear,,balanced,0.958659230559841,0.9532372135969738,0.01358290608408762
2,10.0,linear,,balanced,0.9626753262460165,0.9529635277003697,0.01383945411864495
2,100.0,linear,,balanced,0.965247700108713,0.9529635277003697,0.01383945411864495
4,1.0,linear,,balanced,0.962011772547319,0.9505757400494241,0.01288605823683485
5,0.1,linear,,,0.9556103244222003,0.950291245028087,0.012969162622336753
6,1.0,linear,,,0.9575438350345923,0.9498641228994508,0.01378954685366246
7,1.0,rbf,scale,,0.9663131061768622,0.9480431848852902,0.016866396545174623
7,1.0,rbf,auto,,0.9663131061768622,0.9480431848852902,0.016866396545174623
9,100.0,linear,,,0.9588467666306835,0.9477687225055644,0.014682434683483021
9,10.0,linear,,,0.9588467666306835,0.9477687225055644,0.014682434683483021
11,0.1,rbf,scale,,0.9462845119670407,0.9461771561771561,0.02096249024968063
11,0.1,rbf,auto,,0.9462845119670407,0.9461771561771561,0.02096249024968063
13,1.0,rbf,scale,balanced,0.9628321030534572,0.9414335664335663,0.022479493259762968
13,1.0,rbf,auto,balanced,0.9628321030534572,0.9414335664335663,0.022479493259762968
15,0.1,rbf,auto,balanced,0.9446967238732654,0.9414296595731194,0.021050002205181047
15,0.1,rbf,scale,balanced,0.9446967238732654,0.9414296595731194,0.021050002205181047
17,10.0,rbf,auto,balanced,0.9895722339868728,0.9403513153513152,0.029093317030405536
17,10.0,rbf,scale,balanced,0.9895722339868728,0.9403513153513152,0.029093317030405536
19,10.0,rbf,auto,,0.990189607748904,0.9317488586642485,0.028737106900123228
19,10.0,rbf,scale,,0.990189607748904,0.9317488586642485,0.028737106900123228
21,100.0,rbf,scale,,1.0,0.9203685263754806,0.01959305225792186
21,100.0,rbf,auto,,1.0,0.9203685263754806,0.01959305225792186
21,100.0,rbf,scale,balanced,1.0,0.9203685263754806,0.01959305225792186
21,100.0,rbf,auto,balanced,1.0,0.9203685263754806,0.01959305225792186
