mean_fit_time,std_fit_time,mean_score_time,std_score_time,param_model__metric,param_model__n_neighbors,param_model__p,param_model__weights,params,split0_test_score,split1_test_score,split2_test_score,split3_test_score,split4_test_score,mean_test_score,std_test_score,rank_test_score,split0_train_score,split1_train_score,split2_train_score,split3_train_score,split4_train_score,mean_train_score,std_train_score
0.10770215988159179,0.06079724623628222,0.010230350494384765,0.0008778582624214635,minkowski,3,1.0,uniform,"{'model__metric': 'minkowski', 'model__n_neighbors': 3, 'model__p': 1, 'model__weights': 'uniform'}",0.9333333333333333,0.9459459459459459,0.9230769230769231,0.9473684210526315,0.987012987012987,0.9473475220843642,0.02172912065856317,14,0.9805194805194806,0.9771986970684039,0.9771986970684039,0.9704918032786886,0.9738562091503268,0.9758529774170606,0.0034096171520539556
0.008507585525512696,0.0006632609916416248,0.010406780242919921,0.0011506307424214274,minkowski,3,1.0,distance,"{'model__metric': 'minkowski', 'model__n_neighbors': 3, 'model__p': 1, 'model__weights': 'distance'}",0.9333333333333333,0.9459459459459459,0.9230769230769231,0.961038961038961,0.987012987012987,0.9500816300816302,0.02240915774476584,7,1.0,1.0,1.0,1.0,1.0,1.0,0.0
0.011774730682373048,0.006191640812837919,0.00800027847290039,0.00045872918270328697,minkowski,3,2.0,uniform,"{'model__metric': 'minkowski', 'model__n_neighbors': 3, 'model__p': 2, 'model__weights': 'uniform'}",0.9736842105263158,0.9333333333333333,0.9230769230769231,0.9090909090909091,0.987012987012987,0.9452396726080936,0.029979269568419054,25,0.9773462783171522,0.9773462783171522,0.9773462783171522,0.9706840390879479,0.9773462783171522,0.9760138304713113,0.0026648956916817124
0.008358573913574219,0.0010086612228193703,0.00842876434326172,0.002087558423221245,minkowski,3,2.0,distance,"{'model__metric': 'minkowski', 'model__n_neighbors': 3, 'model__p': 2, 'model__weights': 'distance'}",0.9736842105263158,0.9333333333333333,0.9230769230769231,0.9090909090909091,0.987012987012987,0.9452396726080936,0.029979269568419054,25,1.0,1.0,1.0,1.0,1.0,1.0,0.0
0.007772397994995117,0.0008245585472962819,0.009076929092407227,0.001416894047356763,minkowski,5,1.0,uniform,"{'model__metric': 'minkowski', 'model__n_neighbors': 5, 'model__p': 1, 'model__weights': 'uniform'}",0.9315068493150684,0.9459459459459459,0.9367088607594937,0.9473684210526315,0.9743589743589743,0.9471778102864228,0.014802347276831477,15,0.9641693811074918,0.9644012944983819,0.9639344262295082,0.9576547231270358,0.9605263157894737,0.9621372281503783,0.0026522991129848696
0.010492420196533203,0.0040665298907987734,0.011944389343261719,0.004680905009246185,minkowski,5,1.0,distance,"{'model__metric': 'minkowski', 'model__n_neighbors': 5, 'model__p': 1, 'model__weights': 'distance'}",0.9315068493150684,0.9459459459459459,0.9367088607594937,0.9473684210526315,0.9743589743589743,0.9471778102864228,0.014802347276831477,15,1.0,1.0,1.0,1.0,1.0,1.0,0.0
0.007348871231079102,0.001225241466930715,0.009830284118652343,0.0011805330687356876,minkowski,5,2.0,uniform,"{'model__metric': 'minkowski', 'model__n_neighbors': 5, 'model__p': 2, 'model__weights': 'uniform'}",0.9459459459459459,0.9333333333333333,0.9230769230769231,0.9473684210526315,0.9743589743589743,0.9448167195535616,0.01723379274392109,29,0.9607843137254902,0.9644012944983819,0.9706840390879479,0.9545454545454546,0.9545454545454546,0.960992111280546,0.006143581053111441
0.007402467727661133,0.0009484925687568045,0.007561540603637696,0.0009323891750789241,minkowski,5,2.0,distance,"{'model__metric': 'minkowski', 'model__n_neighbors': 5, 'model__p': 2, 'model__weights': 'distance'}",0.9459459459459459,0.9333333333333333,0.9230769230769231,0.9473684210526315,0.9743589743589743,0.9448167195535616,0.01723379274392109,29,1.0,1.0,1.0,1.0,1.0,1.0,0.0
0.007385921478271484,0.0007408814959508393,0.010060882568359375,0.0019323547150651432,minkowski,7,1.0,uniform,"{'model__metric': 'minkowski', 'model__n_neighbors': 7, 'model__p': 1, 'model__weights': 'uniform'}",0.9315068493150684,0.9459459459459459,0.9487179487179487,0.9473684210526315,0.961038961038961,0.9469156252141111,0.009394601231509331,18,0.9607843137254902,0.9576547231270358,0.9636963696369637,0.9644012944983819,0.9504950495049505,0.9594063500985645,0.005054344591960007
0.0066719532012939455,0.00039084894798756807,0.011686134338378906,0.002970076883851558,minkowski,7,1.0,distance,"{'model__metric': 'minkowski', 'model__n_neighbors': 7, 'model__p': 1, 'model__weights': 'distance'}",0.9315068493150684,0.9459459459459459,0.9487179487179487,0.9473684210526315,0.961038961038961,0.9469156252141111,0.009394601231509331,18,1.0,1.0,1.0,1.0,1.0,1.0,0.0
0.006976318359375,0.0015872659946343755,0.009391593933105468,0.001965111728141419,minkowski,7,2.0,uniform,"{'model__metric': 'minkowski', 'model__n_neighbors': 7, 'model__p': 2, 'model__weights': 'uniform'}",0.96,0.9333333333333333,0.9487179487179487,0.961038961038961,0.9743589743589743,0.9554898434898436,0.01374007145682708,1,0.9607843137254902,0.9573770491803278,0.9605263157894737,0.9576547231270358,0.9508196721311475,0.957432414790695,0.0035941146806395172
0.00923914909362793,0.005302014206866016,0.0072555065155029295,0.0009639044947186553,minkowski,7,2.0,distance,"{'model__metric': 'minkowski', 'model__n_neighbors': 7, 'model__p': 2, 'model__weights': 'distance'}",0.96,0.9333333333333333,0.9487179487179487,0.961038961038961,0.9743589743589743,0.9554898434898436,0.01374007145682708,1,1.0,1.0,1.0,1.0,1.0,1.0,0.0
0.010856389999389648,0.00790205293973536,0.008318710327148437,0.0014753418609674994,minkowski,9,1.0,uniform,"{'model__metric': 'minkowski', 'model__n_neighbors': 9, 'model__p': 1, 'model__weights': 'uniform'}",0.9333333333333333,0.9459459459459459,0.9487179487179487,0.9473684210526315,0.9743589743589743,0.9499449246817667,0.013387505074992792,8,0.9573770491803278,0.954248366013072,0.9605263157894737,0.961038961038961,0.9435215946843853,0.9553424573412439,0.006393620829041228
0.006630516052246094,0.0006120501218696528,0.00953521728515625,0.005275950280536499,minkowski,9,1.0,distance,"{'model__metric': 'minkowski', 'model__n_neighbors': 9, 'model__p': 1, 'model__weights': 'distance'}",0.9333333333333333,0.9459459459459459,0.9487179487179487,0.9473684210526315,0.9743589743589743,0.9499449246817667,0.013387505074992792,8,1.0,1.0,1.0,1.0,1.0,1.0,0.0
0.011253070831298829,0.006024102082711154,0.01219320297241211,0.005392449942003395,minkowski,9,2.0,uniform,"{'model__metric': 'minkowski', 'model__n_neighbors': 9, 'model__p': 2, 'model__weights': 'uniform'}",0.9459459459459459,0.9333333333333333,0.9487179487179487,0.961038961038961,0.9743589743589743,0.9526790326790326,0.013965593433184448,5,0.9641693811074918,0.9576547231270358,0.9576547231270358,0.9545454545454546,0.9473684210526315,0.95627854059193,0.005448796898967129
0.010447311401367187,0.00789202589621189,0.010174989700317383,0.005520081472660262,minkowski,9,2.0,distance,"{'model__metric': 'minkowski', 'model__n_neighbors': 9, 'model__p': 2, 'model__weights': 'distance'}",0.9459459459459459,0.9333333333333333,0.9487179487179487,0.961038961038961,0.9743589743589743,0.9526790326790326,0.013965593433184448,5,1.0,1.0,1.0,1.0,1.0,1.0,0.0
0.012545347213745117,0.007754737763366617,0.011008310317993163,0.004850950396413254,minkowski,11,1.0,uniform,"{'model__metric': 'minkowski', 'model__n_neighbors': 11, 'model__p': 1, 'model__weights': 'uniform'}",0.9333333333333333,0.9459459459459459,0.9487179487179487,0.9473684210526315,0.9743589743589743,0.9499449246817667,0.013387505074992792,8,0.954248366013072,0.9508196721311475,0.9539473684210527,0.9576547231270358,0.9435215946843853,0.9520383448753386,0.004776870650666456
0.008291053771972656,0.004333585624143549,0.011857128143310547,0.005997536807463642,minkowski,11,1.0,distance,"{'model__metric': 'minkowski', 'model__n_neighbors': 11, 'model__p': 1, 'model__weights': 'distance'}",0.9333333333333333,0.9459459459459459,0.9487179487179487,0.9473684210526315,0.9743589743589743,0.9499449246817667,0.013387505074992792,8,1.0,1.0,1.0,1.0,1.0,1.0,0.0
0.007920122146606446,0.002837372699646637,0.010269355773925782,0.005096766866993698,minkowski,11,2.0,uniform,"{'model__metric': 'minkowski', 'model__n_neighbors': 11, 'model__p': 2, 'model__weights': 'uniform'}",0.9333333333333333,0.9333333333333333,0.9487179487179487,0.935064935064935,0.9743589743589743,0.9449617049617048,0.015790458657154945,27,0.961038961038961,0.954248366013072,0.9539473684210527,0.954248366013072,0.9473684210526315,0.954170296507758,0.004324487224548605
0.008622694015502929,0.004271862769402474,0.008835124969482421,0.0037485724818308607,minkowski,11,2.0,distance,"{'model__metric': 'minkowski', 'model__n_neighbors': 11, 'model__p': 2, 'model__weights': 'distance'}",0.9333333333333333,0.9333333333333333,0.9487179487179487,0.935064935064935,0.9743589743589743,0.9449617049617048,0.015790458657154945,27,1.0,1.0,1.0,1.0,1.0,1.0,0.0
0.009835958480834961,0.006560828290800176,0.011381196975708007,0.0042762413271302795,minkowski,15,1.0,uniform,"{'model__metric': 'minkowski', 'model__n_neighbors': 15, 'model__p': 1, 'model__weights': 'uniform'}",0.9333333333333333,0.9459459459459459,0.9487179487179487,0.9473684210526315,0.9743589743589743,0.9499449246817667,0.013387505074992792,8,0.9508196721311475,0.9438943894389439,0.9466666666666667,0.9508196721311475,0.9435215946843853,0.9471443990104582,0.003191575366980193
0.009637117385864258,0.0062764080649576216,0.008737802505493164,0.0032840329221357077,minkowski,15,1.0,distance,"{'model__metric': 'minkowski', 'model__n_neighbors': 15, 'model__p': 1, 'model__weights': 'distance'}",0.9333333333333333,0.9459459459459459,0.9487179487179487,0.9473684210526315,0.9743589743589743,0.9499449246817667,0.013387505074992792,8,1.0,1.0,1.0,1.0,1.0,1.0,0.0
0.00786595344543457,0.002824153902465183,0.011610031127929688,0.006636731912125513,minkowski,15,2.0,uniform,"{'model__metric': 'minkowski', 'model__n_neighbors': 15, 'model__p': 2, 'model__weights': 'uniform'}",0.9459459459459459,0.9459459459459459,0.9487179487179487,0.9487179487179487,0.9743589743589743,0.9527373527373527,0.01088165567644658,3,0.961038961038961,0.9508196721311475,0.9508196721311475,0.954248366013072,0.9438943894389439,0.9521642121506544,0.005569747006174771
0.007536077499389648,0.001567545234168826,0.007803726196289063,0.0005685537697259404,minkowski,15,2.0,distance,"{'model__metric': 'minkowski', 'model__n_neighbors': 15, 'model__p': 2, 'model__weights': 'distance'}",0.9459459459459459,0.9459459459459459,0.9487179487179487,0.9487179487179487,0.9743589743589743,0.9527373527373527,0.01088165567644658,3,1.0,1.0,1.0,1.0,1.0,1.0,0.0
0.008245468139648438,0.0019361828923380692,0.010013008117675781,0.002261206443640418,minkowski,21,1.0,uniform,"{'model__metric': 'minkowski', 'model__n_neighbors': 21, 'model__p': 1, 'model__weights': 'uniform'}",0.9315068493150684,0.9459459459459459,0.9210526315789473,0.9473684210526315,0.9743589743589743,0.9440465644503135,0.017996944076086815,32,0.9508196721311475,0.9333333333333333,0.9435215946843853,0.954248366013072,0.9333333333333333,0.9430512598990543,0.008658184823854118
0.008744621276855468,0.0028118792099396167,0.007674026489257813,0.0005803780019235719,minkowski,21,1.0,distance,"{'model__metric': 'minkowski', 'model__n_neighbors': 21, 'model__p': 1, 'model__weights': 'distance'}",0.9315068493150684,0.9459459459459459,0.935064935064935,0.9473684210526315,0.9743589743589743,0.946849025147511,0.015047456716107858,20,1.0,1.0,1.0,1.0,1.0,1.0,0.0
0.00770721435546875,0.0011660403003660835,0.008637475967407226,0.00046681287205765253,minkowski,21,2.0,uniform,"{'model__metric': 'minkowski', 'model__n_neighbors': 21, 'model__p': 2, 'model__weights': 'uniform'}",0.9166666666666666,0.9459459459459459,0.9487179487179487,0.935064935064935,0.9743589743589743,0.944150894150894,0.01883903246528159,31,0.9579288025889967,0.9473684210526315,0.9570957095709571,0.954248366013072,0.9403973509933775,0.951407730043807,0.006640650192731362
0.007084846496582031,0.0004958016706824027,0.00821986198425293,0.001243449571275783,minkowski,21,2.0,distance,"{'model__metric': 'minkowski', 'model__n_neighbors': 21, 'model__p': 2, 'model__weights': 'distance'}",0.9315068493150684,0.9459459459459459,0.9487179487179487,0.935064935064935,0.9743589743589743,0.9471189306805744,0.015066443683482094,17,1.0,1.0,1.0,1.0,1.0,1.0,0.0
0.006985139846801758,0.000787508229923759,0.01046128273010254,0.0008992097905469144,chebyshev,3,,uniform,"{'model__metric': 'chebyshev', 'model__n_neighbors': 3, 'model__weights': 'uniform'}",0.96,0.918918918918919,0.9230769230769231,0.9,0.9736842105263158,0.9351360105044314,0.02737567015365159,39,0.9607843137254902,0.9579288025889967,0.9673202614379085,0.9673202614379085,0.9579288025889967,0.9622564883558601,0.004264003329939708
0.0078028678894042965,0.0019817148789048403,0.007791471481323242,0.00026671281919229305,chebyshev,3,,distance,"{'model__metric': 'chebyshev', 'model__n_neighbors': 3, 'model__weights': 'distance'}",0.96,0.918918918918919,0.9230769230769231,0.9,0.9736842105263158,0.9351360105044314,0.02737567015365159,39,1.0,1.0,1.0,1.0,1.0,1.0,0.0
0.00849294662475586,0.0013974844112733746,0.008372116088867187,0.0003335951668252216,chebyshev,5,,uniform,"{'model__metric': 'chebyshev', 'model__n_neighbors': 5, 'model__weights': 'uniform'}",0.96,0.9090909090909091,0.925,0.9230769230769231,0.9743589743589743,0.9383053613053614,0.024629017645227527,34,0.9511400651465798,0.9644012944983819,0.961038961038961,0.954248366013072,0.954248366013072,0.9570154105420133,0.004910661763639624
0.007027769088745117,0.000823474034937515,0.008247756958007812,0.0007666596756564658,chebyshev,5,,distance,"{'model__metric': 'chebyshev', 'model__n_neighbors': 5, 'model__weights': 'distance'}",0.96,0.9210526315789473,0.9487179487179487,0.9230769230769231,0.9743589743589743,0.9454412955465588,0.020755223753801937,23,1.0,1.0,1.0,1.0,1.0,1.0,0.0
0.00918421745300293,0.0029991927853411904,0.009964609146118164,0.001753013550858277,chebyshev,7,,uniform,"{'model__metric': 'chebyshev', 'model__n_neighbors': 7, 'model__weights': 'uniform'}",0.96,0.9090909090909091,0.925,0.9230769230769231,0.9743589743589743,0.9383053613053614,0.024629017645227527,34,0.948051948051948,0.948051948051948,0.9576547231270358,0.9453376205787781,0.9511400651465798,0.9500472609912579,0.004224001925558292
0.007288122177124023,0.0013870490493377036,0.00826711654663086,0.0007453976566757811,chebyshev,7,,distance,"{'model__metric': 'chebyshev', 'model__n_neighbors': 7, 'model__weights': 'distance'}",0.96,0.9210526315789473,0.9487179487179487,0.9230769230769231,0.9743589743589743,0.9454412955465588,0.020755223753801937,23,1.0,1.0,1.0,1.0,1.0,1.0,0.0
0.009327173233032227,0.002545446962049283,0.010318708419799805,0.002426475256842132,chebyshev,9,,uniform,"{'model__metric': 'chebyshev', 'model__n_neighbors': 9, 'model__weights': 'uniform'}",0.9473684210526315,0.8974358974358975,0.95,0.9230769230769231,0.9743589743589743,0.9384480431848854,0.026156770663296455,33,0.9453376205787781,0.952076677316294,0.9511400651465798,0.9453376205787781,0.9514563106796117,0.9490696588600084,0.0030620603704391075
0.007561635971069336,0.0013343761262288297,0.010094833374023438,0.0015180138409234558,chebyshev,9,,distance,"{'model__metric': 'chebyshev', 'model__n_neighbors': 9, 'model__weights': 'distance'}",0.9473684210526315,0.9090909090909091,0.9367088607594937,0.9230769230769231,0.9743589743589743,0.9381208176677864,0.022225076591509085,36,1.0,1.0,1.0,1.0,1.0,1.0,0.0
0.007795810699462891,0.0013266350343600244,0.008698272705078124,0.00045237622874674664,chebyshev,11,,uniform,"{'model__metric': 'chebyshev', 'model__n_neighbors': 11, 'model__weights': 'uniform'}",0.9333333333333333,0.8974358974358975,0.9367088607594937,0.935064935064935,0.9743589743589743,0.9353804001905267,0.024352286717874455,38,0.9423076923076923,0.9419354838709677,0.9514563106796117,0.9453376205787781,0.9389067524115756,0.9439887719697252,0.004253292150553772
0.008424997329711914,0.003239854212475148,0.008989286422729493,0.0015040637103825468,chebyshev,11,,distance,"{'model__metric': 'chebyshev', 'model__n_neighbors': 11, 'model__weights': 'distance'}",0.9333333333333333,0.9090909090909091,0.9367088607594937,0.935064935064935,0.9743589743589743,0.937711402521529,0.02092536038204809,37,1.0,1.0,1.0,1.0,1.0,1.0,0.0
0.006743097305297851,0.00038778151502038335,0.010142898559570313,0.0013294933462767915,chebyshev,15,,uniform,"{'model__metric': 'chebyshev', 'model__n_neighbors': 15, 'model__weights': 'uniform'}",0.9041095890410958,0.8974358974358975,0.95,0.9487179487179487,0.9743589743589743,0.9349244819107833,0.02941959127984641,41,0.9426751592356688,0.9483870967741935,0.948051948051948,0.9358974358974359,0.9358974358974359,0.9421818151713366,0.005517140815478018
0.007580995559692383,0.0009315689207425936,0.00902099609375,0.0020755427018052676,chebyshev,15,,distance,"{'model__metric': 'chebyshev', 'model__n_neighbors': 15, 'model__weights': 'distance'}",0.9041095890410958,0.8974358974358975,0.95,0.9487179487179487,0.9743589743589743,0.9349244819107833,0.02941959127984641,41,1.0,1.0,1.0,1.0,1.0,1.0,0.0
0.006678533554077148,0.0006183048234109893,0.010798788070678711,0.0008554678773758182,chebyshev,21,,uniform,"{'model__metric': 'chebyshev', 'model__n_neighbors': 21, 'model__weights': 'uniform'}",0.9333333333333333,0.9210526315789473,0.95,0.9487179487179487,0.9743589743589743,0.9454925775978408,0.01793960378623495,21,0.9456869009584664,0.9483870967741935,0.948051948051948,0.9423076923076923,0.9385113268608414,0.9445889929906285,0.003735382454432701
0.007813310623168946,0.0020421559959704753,0.01005692481994629,0.0009430396482706241,chebyshev,21,,distance,"{'model__metric': 'chebyshev', 'model__n_neighbors': 21, 'model__weights': 'distance'}",0.9333333333333333,0.9210526315789473,0.95,0.9487179487179487,0.9743589743589743,0.9454925775978408,0.01793960378623495,21,1.0,1.0,1.0,1.0,1.0,1.0,0.0
