rank_test_score,param_model__C,param_model__penalty,param_model__solver,param_model__class_weight,mean_train_score,mean_test_score,std_test_score
1,0.01,l2,liblinear,,0.9558342627577735,0.9556833213062393,0.010967874724396445
2,1.0,l1,liblinear,,0.9539378695224858,0.9552782580151,0.010761633806913907
2,1.0,l2,liblinear,,0.954632905913542,0.9552782580151,0.010761633806913907
2,1.0,l2,lbfgs,,0.9532476193067827,0.9552782580151,0.010761633806913907
5,0.1,l2,liblinear,balanced,0.9559529046277089,0.953160798783717,0.013959665210519188
6,0.1,l2,lbfgs,balanced,0.956402183582929,0.9528763037623798,0.014088712067142179
6,0.01,l2,lbfgs,balanced,0.9531095937422579,0.9528763037623798,0.014088712067142179
8,0.01,l2,liblinear,balanced,0.95089198463219,0.9507046584328396,0.017787659496944202
9,1.0,l2,lbfgs,balanced,0.9570832614627041,0.9502294197031038,0.013314415598142943
9,1.0,l1,liblinear,balanced,0.9597948976589754,0.9502294197031038,0.013314415598142943
