Feature,Coefficient,Absolute_Coefficient
Bare_Nuclei,0.45937284671051015,0.45937284671051015
Uniformity_Cell_Shape,0.35308135238325344,0.35308135238325344
Clump_Thickness,0.35126135520227775,0.35126135520227775
Uniformity_Cell_Size,0.33282668434179496,0.33282668434179496
Bland_Chromatin,0.31425449459251337,0.31425449459251337
Normal_Nucleoli,0.29763586486533883,0.29763586486533883
Marginal_Adhesion,0.26993504012710984,0.26993504012710984
Single_Epithelial_Cell_Size,0.24990988689969765,0.24990988689969765
Mitoses,0.18424667997965646,0.18424667997965646
