Feature,F_Score,P_Value,Significant
Bare_Nuclei,1426.2402697371135,3.4011032732432803e-169,True
Uniformity_Cell_Shape,1417.6438408647628,1.3694249229280188e-168,True
Uniformity_Cell_Size,1406.1324695730168,8.9222262824394e-168,True
Bland_Chromatin,921.0100147383689,1.2677117916812371e-128,True
Normal_Nucleoli,727.4708050995351,1.4656453680962098e-109,True
Clump_Thickness,711.4234463367795,7.292503838461177e-108,True
Marginal_Adhesion,677.87840028496,2.979777609007574e-104,True
Single_Epithelial_Cell_Size,622.1576809790224,4.733539740951513e-98,True
Mitoses,148.78768876839013,4.304039950940302e-31,True
