PC1,PC2,PC3,PC4
-1.470171240536401,-0.10427314905815381,0.5656852887737444,0.03195933900095625
1.442046409821652,-0.5701414283777639,-0.23660093689200584,0.4781497467807539
-1.5924776910536063,-0.07611987003760669,-0.048857704854785675,0.09238803878389294
1.4798116752823123,-0.5284518096485075,0.6030480523847908,-1.4108268436663098
-1.3448616872911916,-0.09071904712174929,-0.029997300823645733,0.33828361729720474
5.014326363718609,-1.534917116306895,-0.4610092660155981,-0.2953889676838014
-1.0706338916685834,-0.5502268481335529,-0.6620713672843213,1.1113838563759995
-1.6652287677319766,0.01798462258825371,-0.34519286954269585,-0.14169383562011081
-1.5423105678196884,2.324003325560496,0.0036291869339239416,0.504864866990137
-1.5942531697841096,0.02362404218329648,0.33885200435583,-0.07831232515408804
-2.0501844784657286,0.02152889566663744,-0.6242827758208123,0.07132924173444695
-1.9329054028577082,0.138756286038932,-0.26937144187278406,-0.08813485800389856
-0.08085192749530498,-0.4295960701660491,0.0681009016058369,-0.005624743068518731
-1.7147841415708118,-0.04796659101705949,-0.6634006984833161,0.1528167385668297
3.76351357550706,0.6035910919735932,-0.21043464904138262,1.1076632518452278
1.0647123816655475,-0.21732753971792765,0.4514687464244901,-0.906872072196043
-1.7185774880687559,0.03885154171602865,0.3453614562127452,-0.011625398099811068
-1.5773351979308772,-0.05432077689670219,0.25831883973097963,-0.00629539095108751
2.55649386925061,-0.7698936899168052,1.2921581678900957,1.3338032707509289
-1.3630072831419247,-0.15422552121960553,0.873051737816509,0.07021406895299999
2.4590415385209936,0.5663503812767773,-0.40223185183024734,2.171278186909493
3.0138140612784703,-0.9686960869263137,0.9319396368954441,-1.0917507333233483
-1.825741445463232,0.08880391387748036,0.03799500716998062,-0.04988012805185483
-1.8988270701143057,0.09553633958765288,-0.6637805073973145,-0.12105958080721876
0.3579329146056937,-0.6041317236252318,-0.06976475780839307,0.502295924241202
-1.852774535530009,-0.00043102957626730404,0.07098328688956775,0.07582176743553394
-1.6114135306742796,-0.011100830445423003,0.6527279052555099,0.026629331852232697
-1.9329054028577082,0.138756286038932,-0.26937144187278406,-0.08813485800389856
-1.9284429604143571,0.22668228713721963,-0.4672528968100756,-0.2494975646345375
-1.977098853814655,0.014796469956464865,0.0774927387464829,0.14250869448981088
-1.7916631127198295,0.04558396742620117,-0.3564140583545497,-0.082804850855175
3.2398353242206905,0.21639682908157887,1.2190246708115748,-0.8819564689435468
-1.6754263573999868,0.02738483231367759,-0.5005721286318624,0.0894846532689711
-1.699307100475379,0.0612045690395329,0.04921619598183453,-0.10876911281679066
-1.9329054028577082,0.138756286038932,-0.26937144187278406,-0.08813485800389856
4.32789023968923,-0.9476242734995743,0.19053556471161068,-1.5377425250380654
-0.825071212657187,-0.6161497391242763,0.557869551609034,0.217235993035283
1.8727486458530507,-1.1547807762237916,-0.9658683436894663,1.5929550993469626
1.353561616855222,-0.5695522317520623,-1.3293861448113937,-0.5963146147396372
1.0236343561015384,-0.23637091099957896,1.6756367364067752,-0.394502601553436
3.7973116314408286,-0.06396716914256206,0.19281131571943874,-0.7625626321643475
1.4492307742488408,0.21025584973190162,-0.45874941926199747,-1.214694295042767
4.275672454171052,-0.7156780828487979,0.6441627450160593,-2.7484173843520194
-1.9071100789582098,0.711727338427592,-0.5302483878343134,0.023192845079747452
2.118992844692296,-0.7571526929758884,-0.9258377059554492,-0.5222538240226491
-2.0400693602521844,0.18870865820038366,-0.576737890915549,-0.12638958795594232
-1.3448616872911916,-0.09071904712174929,-0.029997300823645733,0.33828361729720474
2.33919500879951,-0.24784894678708486,0.7187769940193217,-0.7731865733171013
0.9154600406765722,1.4835560592163304,2.121042036920826,0.3728837016055567
-0.013835998041594025,-0.4263743519681981,0.011175352267289019,0.29827291359392805
1.846480271659763,-0.22362506267920657,1.5260685380404817,-0.7526728082634085
3.7842839029381636,2.474517153552723,-0.8964794995039564,0.800474989409929
2.767130836687472,-1.047242930952072,0.8167466062336782,0.4079310732591239
1.772788142519728,-0.6878846635179943,1.539476044623641,-0.5807885570920207
2.59972868327645,-0.8352436486001796,1.1395649579906013,-1.5850712834946756
0.8204258912822229,1.2859822227060809,1.2297999190759614,-0.6246070999145914
0.6231291598511236,-0.7107773875293864,0.25125119538399004,0.3210426037308098
0.45226204199884723,-0.7516852528270203,1.4959446339807136,0.0025622896408975977
1.2159341958215888,-0.3803770119940673,-0.501328418812368,-0.7916477132959913
-1.9480478959804375,0.11695719289802757,-0.5765479864585498,0.010548571731081913
3.290350913324303,-0.5774554180711438,1.4348849208226335,-1.7992268055560157
0.6911534301837156,-0.028129589469010695,0.4233160090513528,-1.7739686292606376
-2.0400693602521844,0.18870865820038366,-0.576737890915549,-0.12638958795594232
1.3663393788012845,4.21120445346655,2.2982461760549335,0.9869260689806225
-1.5773351979308772,-0.05432077689670219,0.25831883973097963,-0.00629539095108751
1.9154757021553632,-0.423338926576093,-0.08806701554669023,-1.288554542192761
3.7734114968617853,2.3441714841205448,0.7256580237649911,0.6362469071762805
-1.7888126510559592,0.10667110194630429,-0.7077901450491121,-0.25779877854125666
-1.3585448406985738,-0.06629952012131791,0.6751702828792178,-0.0911486376776389
4.530587570335487,4.486463962530472,-0.7370429819386057,-0.37461560929987037
-0.6060894086396035,-0.3698709963585016,-1.190695207343609,-0.3153410694606418
3.2282917571231584,-0.9889171258059739,-0.028307014111705057,0.8110108457308857
0.8699279556357293,0.4029546287840996,2.113675191443723,0.09398272405173129
-1.4291145516584807,-0.08585202680673008,-0.7834216682620244,-0.17441959647044467
-1.6607663252886258,0.1059106236865414,-0.5430743244799872,-0.3030565422507498
-1.2465281387851443,-0.05975496462341092,0.4955509312643669,0.06554498186782488
-1.5004562267818593,-0.14787133533996288,-0.04866780039778641,0.2293261984709172
-1.7815479945062849,0.21276372995994744,-0.30886917344928644,-0.28052368054556437
-1.1272926972472388,-0.44393959531641697,-0.6603750557501709,0.005328088462172131
-1.6023407327489132,0.02065240660350507,0.20120338593543255,0.1606641060243351
-1.3458469222517546,-0.11950064859088598,0.5591758369168293,-0.03472758805332075
-1.0275085305020915,-0.44880914448852977,-0.39702817078184793,0.1137080673787872
4.382232259102244,2.377400191565904,-1.7176521159183562,0.17072898060806024
4.095848601900075,4.7116964510785815,0.1830701992629345,-1.8700449047208783
1.1145394944121483,-0.5674234902182462,-0.7746701727659538,0.021012677666856303
2.892489707546359,0.11122458301735849,-1.339279637385576,0.2022753135590411
-1.5773351979308772,-0.05432077689670219,0.25831883973097963,-0.00629539095108751
-1.6653112391864424,0.19456459484742386,-0.453027243726599,-0.10823417642141822
-1.8988270701143057,0.09553633958765288,-0.6637805073973145,-0.12105958080721876
-1.8507469802812677,0.16377709737768756,-0.01912044662556655,0.11707936892356775
-1.5773351979308772,-0.05432077689670219,0.25831883973097963,-0.00629539095108751
-2.0400693602521844,0.18870865820038366,-0.576737890915549,-0.12638958795594232
-1.7916631127198295,0.04558396742620117,-0.3564140583545497,-0.082804850855175
-1.8988270701143057,0.09553633958765288,-0.6637805073973145,-0.12105958080721876
-1.957910937675744,0.2137294695391392,-0.3264868956683312,0.07882463897152399
-1.470171240536401,-0.10427314905815381,0.5656852887737444,0.03195933900095625
4.314290877832185,4.503506735199435,1.54655397854923,-1.0547002240556176
4.045984230609188,0.2948271774273188,-0.7644994215191806,1.1293124193684534
2.5220687396741512,0.4333978433311036,1.46956391495219,-2.2181250925630027
-0.1480999320449549,-0.2715609646527645,-0.8564799227621838,0.11948869377712366
-1.4509008529430243,-0.08192012173464959,0.26954002854283354,-0.06518437571602334
0.582955362408081,-0.5447188841227095,0.9979359783497582,-0.5121003099247814
5.986493933734082,2.9620032311912476,0.11366465707142301,-0.7789025779725697
0.9639890554620416,2.7077230247402704,0.9643980969221795,1.1575394001866044
3.105569271710972,-1.6058060613231302,1.0504831982720557,1.5368497555892247
3.3328744572825784,-0.6588433752230182,-2.588622385715064,-0.047776242489395805
-1.8200405221354912,0.21097818291768647,-0.664757166219144,-0.3998679834240182
2.350821069993035,-0.10124381518572789,-0.15303413325520973,0.4100948842960595
-0.8064475142669985,0.3340743078263585,-1.0363825821173487,-0.05844171923954127
1.274962707901748,-0.8014534586008624,1.0836108434248863,0.499539757410384
2.492406410561442,-0.5536264916198931,0.4730167804464384,2.802136638621481
4.116170993931165,-1.1519371782385994,1.10674142220554,-1.116264636143986
-1.125373245224714,-0.20592567924337463,-0.0504655152997628,0.037063359597427445
-1.813225793303075,-0.005124884396310335,-0.4889356566057866,0.416033043643431
-0.44512615847788056,-0.4004006572275729,1.453388376617118,-0.10422933282835174
3.5384800540289953,2.4458118663028334,-1.2963256629506934,2.4111125598978345
-1.6945539051437224,0.28639293405043303,-0.5683109286727895,-0.24262092081394895
-1.4681533727689602,-0.09134736957033883,-0.055367156711700824,0.025701111729615995
-1.6561559698066102,0.04973785963718184,-0.7967173888627731,-0.007659061448008414
-1.360989415374484,-0.14129974173179052,0.2519992923310637,0.06395584168165973
4.2461976974458215,0.07058286727912377,1.5173668817010242,-1.0049813717369507
1.5230658229310154,-0.6109191641786796,0.10016938269418316,-0.5216783334047461
3.540365837480815,-0.6752525987240492,-1.3693300599701335,-1.157904884773915
-2.0400693602521844,0.18870865820038366,-0.576737890915549,-0.12638958795594232
2.8595151263952663,0.8366948041503188,-0.10366299185787634,1.6780389078043294
-1.6844991553253532,-0.004368404735250485,-0.04904760931178494,-0.04455012090313127
1.6372291139372022,-0.10828377600956623,0.9709187697729516,0.4051656476875025
-0.9704523835786772,0.8739405281812382,-0.8056771270458017,-1.6708301754379917
-1.3585448406985738,-0.06629952012131791,0.6751702828792178,-0.0911486376776389
-1.7916631127198295,0.04558396742620117,-0.3564140583545497,-0.082804850855175
4.132247123252913,0.30168437332147335,-1.0741205201938655,0.2637390186096416
-1.7157270264048854,0.09993867623613177,-0.006014630481816886,-0.18661932578589271
-1.6743840371118088,0.16281135779849584,-0.0015027244065216787,-0.24226895059352063
-1.1581209381479607,-0.15375508964320725,0.47785591792714854,-0.10458089678009536
-1.7185774880687559,0.03885154171602865,0.3453614562127452,-0.011625398099811068
-1.9669837356011104,0.18197623249021114,0.12503762365174614,-0.055210135200578415
-1.592143143080903,0.01125219687808119,0.35658264502459913,-0.0705143828647469
-1.9669837356011104,0.18197623249021114,0.12503762365174614,-0.055210135200578415
-2.0741476929955867,0.2319286046516628,-0.18232882539101855,-0.09346486515262212
1.6082198727233838,0.3061561726673452,1.221205090984723,0.39353459532151125
-1.813225793303075,-0.005124884396310335,-0.4889356566057866,0.416033043643431
-1.9329054028577082,0.138756286038932,-0.26937144187278406,-0.08813485800389856
0.7012701082456397,-0.47805021784292256,-0.4115534915012074,-0.11353550221032924
-1.7966904876290142,0.190964636819043,-0.616045718035052,-0.1818402508105839
0.5087043191070548,0.29487668785089355,-1.0565028358515376,-1.8008184177456517
5.000785422507092,2.2087462704329157,0.3854977714415617,-0.501577257219368
-2.0501844784657286,0.02152889566663744,-0.6242827758208123,0.07132924173444695
1.559853239390918,0.24116017084013375,0.8381553754884521,0.22761035173922725
4.017933498516327,-1.279913300291437,0.4921547709717321,-0.9687524776590956
-1.6757768496631404,-0.01147907027595304,0.4327838816085093,0.2569209141255138
-2.181311650390063,0.28188097681311447,-0.4896952744337835,-0.13171959510466588
1.0935977759499547,-0.9383319459036805,-0.174046706256573,1.4311578269863883
-1.7893106969796853,0.14588181382970408,-0.57202615396061,-0.25196549977515514
-1.7916631127198295,0.04558396742620117,-0.3564140583545497,-0.082804850855175
4.976979901246957,1.2821885681434455,0.8876585532614641,-0.5324714510776574
3.276706571450306,-0.6858517202315649,1.1898761344756683,-0.018269739294533075
-1.4673207788725307,-0.043186014538050786,0.21430920207918214,-0.14303458868512542
-1.6844991553253532,-0.004368404735250485,-0.04904760931178494,-0.04455012090313127
-1.2346336871143022,3.1842835485381134,-0.31503878573318156,1.4043296491493333
-1.3752993146007837,-0.11493747984040696,0.2144991065361814,-0.006096428998101183
3.716099670720176,0.4711310359500021,-0.9470263116306235,-0.30216008759275853
3.9220218422492272,4.130384071580161,1.1209340392251441,1.3537157807686744
-1.6844991553253532,-0.004368404735250485,-0.04904760931178494,-0.04455012090313127
-2.2164323034216435,0.18967439777957543,-0.5943556131345938,0.23295873156114602
-1.9669837356011104,0.18197623249021114,0.12503762365174614,-0.055210135200578415
-1.8988270701143057,0.09553633958765288,-0.6637805073973145,-0.12105958080721876
-2.0400693602521844,0.18870865820038366,-0.576737890915549,-0.12638958795594232
6.45287060299753,1.6809408515384503,-1.3436905471819995,0.27289877027948634
1.7306673261919798,-1.346535247533913,0.7687314801241347,1.150646102986121
3.837749129185241,-0.6588962249167402,-1.0299179343907554,-0.8708883494806088
-1.7916631127198295,0.04558396742620117,-0.3564140583545497,-0.082804850855175
3.465807604053141,0.8778372293635933,-0.3944045743126833,-2.8288056936111756
-1.5773351979308772,-0.05432077689670219,0.25831883973097963,-0.00629539095108751
0.697442408499698,-0.5760585200617041,0.13051083593598062,0.588274670627378
-2.0501844784657286,0.02152889566663744,-0.6242827758208123,0.07132924173444695
-2.181311650390063,0.28188097681311447,-0.4896952744337835,-0.13171959510466588
-1.3630072831419247,-0.15422552121960553,0.873051737816509,0.07021406895299999
3.7161321870699244,-1.2499417993390987,-1.1834610285890312,0.07837709915033951
1.9915411076780236,-1.2221823293708463,0.8209881019843368,0.8273513614765187
-1.9430205210712526,-0.02842347649481427,-0.31691632677804743,0.10958397168649071
2.7180158015715947,-0.8022790865480331,-2.1934814128523126,-0.7665147625854212
5.0965603607911945,3.334820061509926,0.48505848782361993,2.2226607803651333
3.761338807607155,-1.1965148721158025,-1.779146241572197,0.12181734591369799
-1.5216340618539537,0.025110150379025843,-0.6478475816305217,-0.3055244773913674
4.940812618511926,-1.3455774496446857,0.2348978747405736,-0.7212446121116572
4.861836919668451,0.3221000556502416,-0.7464746154420129,-0.3704992846155171
-1.6114135306742796,-0.011100830445423003,0.6527279052555099,0.026629331852232697
-1.8988270701143057,0.09553633958765288,-0.6637805073973145,-0.12105958080721876
-1.6844991553253532,-0.004368404735250485,-0.04904760931178494,-0.04455012090313127
-1.5773351979308772,-0.05432077689670219,0.25831883973097963,-0.00629539095108751
2.391416620331139,-0.5096285007899033,0.23768310283818556,0.10973320042716618
-1.1214609745768729,-0.15887055439572456,0.1332110779418062,0.5488278513733947
-2.181311650390063,0.28188097681311447,-0.4896952744337835,-0.13171959510466588
-1.825741445463232,0.08880391387748036,0.03799500716998062,-0.04988012805185483
3.8112376500037515,-0.3062896778222385,0.5667462476214977,0.13926828447666825
3.9149333512495024,-1.227985555214476,0.953539686932348,-0.4189469890073662
-1.8988270701143057,0.09553633958765288,-0.6637805073973145,-0.12105958080721876
-1.470171240536401,-0.10427314905815381,0.5656852887737444,0.03195933900095625
-1.8988270701143057,0.09553633958765288,-0.6637805073973145,-0.12105958080721876
5.23710964057878,0.8345570663541702,-1.2597546195116214,0.13197729376907746
2.9934462566177946,-0.6207051267583703,1.472618246553833,-1.4646304894948954
-2.0501844784657286,0.02152889566663744,-0.6242827758208123,0.07132924173444695
-2.0501844784657286,0.02152889566663744,-0.6242827758208123,0.07132924173444695
-1.621528648887824,-0.17828059297916932,0.6051830203502466,0.22434816154262197
5.797682431162481,1.0223397324507537,-0.4828687244846678,0.7663322504754342
3.8408579398693816,-1.3718931905638725,-0.19125302486026655,0.1150191357995718
-1.8988270701143057,0.09553633958765288,-0.6637805073973145,-0.12105958080721876
5.907564309928453,0.11758483412819529,0.046932320767151293,0.15356919207608705
4.886926026821086,-2.0715569875102897,-0.01963456100865311,1.037323995518003
3.4074592034250397,-0.27598211249644433,0.02091177912966578,-0.7317080632283527
-2.0400693602521844,0.18870865820038366,-0.576737890915549,-0.12638958795594232
-1.8988270701143057,0.09553633958765288,-0.6637805073973145,-0.12105958080721876
3.922732712995485,-0.3279185685486106,-0.9253861488172613,-1.2627262803128545
-1.110138593166219,-0.20942421089550042,0.8954941154402168,-0.04756390057687163
-1.782590314794463,0.0773372044751293,-0.8079385776746272,0.0512299233169274
4.175682641071955,-1.0618934990695665,0.5827025503281325,-1.4476294724208325
-1.2693755286935058,-0.3585600336394588,0.09730266506261917,1.0730950714382441
1.7966192589502923,-1.207020686497217,0.4038024036762951,0.26913590577183333
3.207461357234597,-0.9486863020654426,0.7090274748970438,0.6994203565048877
-2.0400693602521844,0.18870865820038366,-0.576737890915549,-0.12638958795594232
3.3874969537659454,-1.5096702764352141,0.8467561419358732,-0.09957786970190835
3.0668358994463967,-1.1884206785454638,0.2978798448459451,-0.6124770908029321
-2.0501844784657286,0.02152889566663744,-0.6242827758208123,0.07132924173444695
5.431585984137657,-1.2883995662281797,0.6239918757715954,-2.067711089227555
2.0429734148182876,-1.143570676895297,0.1891657943071572,0.03880679703022068
3.699682003815149,-0.5592059228261754,-0.579281849069011,-0.7894395979704582
0.6015673586859112,-0.4711031085299022,1.0214864604740745,-0.4637403787431483
1.8328135961585719,-1.099824602836383,1.3474149814567082,1.13738126174213
-0.6079866701250518,0.0672585070756103,-0.31039124404925117,-1.1128977709884762
4.781510328409654,3.8181985601748982,1.7793598207355785,-0.011000867584278656
3.406443256450729,1.1237078049296507,0.750039094566877,-1.4140877112589605
5.450170539088978,3.7624332258716597,0.3869308747702264,0.6641059563975931
1.422750233069038,-0.6859275093331682,1.707869889113818,1.004502408699232
-0.8140210276704483,-0.15217973093141848,0.29902477147799655,0.11689013478960177
-1.603383053037091,-0.11477411888131307,-0.29786601828990805,0.4924177098868267
-1.7916631127198295,0.04558396742620117,-0.3564140583545497,-0.082804850855175
-1.2482566327515607,-0.37781415884723346,-0.8371061225328487,0.43735307223832526
-1.8988270701143057,0.09553633958765288,-0.6637805073973145,-0.12105958080721876
-1.2619130209448113,-0.19422374947303364,0.4217171229534309,0.3411870028121266
4.5391413857983505,-1.485452604564813,-0.2519382075508599,-0.05801053463195507
0.5597971737551937,-0.9343529963560946,1.4154198071192539,0.592022675427567
-1.0272631026391443,0.0013530348965548405,0.03827065147199212,-0.689991379621277
-1.9305529871175637,0.2390541324424348,-0.48498353747884454,-0.2572955069238787
2.460680493558184,-0.41010869876511113,0.651813750364908,2.6659007125048206
1.2889838903009254,0.20614491567777293,0.18499479470890798,1.3004829515879393
3.7973116314408286,-0.06396716914256206,0.19281131571943874,-0.7625626321643475
3.290350913324303,-0.5774554180711438,1.4348849208226335,-1.7992268055560157
1.5808389215862388,-0.7786809941099933,0.14775139197212667,-0.25966091254126467
-1.9669837356011104,0.18197623249021114,0.12503762365174614,-0.055210135200578415
-1.825741445463232,0.08880391387748036,0.03799500716998062,-0.04988012805185483
-1.6844991553253532,-0.004368404735250485,-0.04904760931178494,-0.04455012090313127
1.4626464712301317,-0.6080678535597243,0.3447629340174723,-0.7503130749322621
3.0220707620289713,-0.4839956584459203,0.7387105974825013,2.4447474193172107
5.477498202205195,0.8611282421030048,-1.0703606338237992,-0.5914996963877015
3.699111382961835,-1.354601720211307,0.32649178846036725,-0.5549057122550497
3.0202204024926207,-1.137846758818163,0.31282454259283254,1.3237021607987027
3.3275192297071436,0.7579307285402005,-0.6201440398589747,-0.2799758107651907
-0.9808537865144957,-0.17593642121334477,0.5553392175575086,-0.28144681302788904
2.522993642922438,-0.7851173575431961,1.645361290612342,0.5946733890541852
0.7306433638638536,-1.1078649365161417,-0.5472988854460835,0.8201842332891641
3.661630679927275,2.448808735119967,1.5785692174383583,-0.01179135274054233
-1.8988270701143057,0.09553633958765288,-0.6637805073973145,-0.12105958080721876
1.9755248769859763,-0.4250677978721608,1.192207223605763,-0.3109476950904196
-1.470171240536401,-0.10427314905815381,0.5656852887737444,0.03195933900095625
0.7306433638638536,-1.1078649365161417,-0.5472988854460835,0.8201842332891641
-0.10476533321588646,-0.421180854696382,1.0806250079288209,-0.18993782139270957
-1.5744847362670067,0.006766357623400922,-0.09305724696358245,-0.18128931863716916
-1.825741445463232,0.08880391387748036,0.03799500716998062,-0.04988012805185483
-2.0400693602521844,0.18870865820038366,-0.576737890915549,-0.12638958795594232
-1.8988270701143057,0.09553633958765288,-0.6637805073973145,-0.12105958080721876
2.4082554012977875,2.709959591165567,2.054539660306953,1.350569151564977
-1.6844991553253532,-0.004368404735250485,-0.04904760931178494,-0.04455012090313127
-1.6754263573999868,0.02738483231367759,-0.5005721286318624,0.0894846532689711
1.736610043309982,-0.79755619001053,-2.4297088621026965,1.2863370233445381
1.4014998230673563,-1.3475525328827105,1.8786997543219588,0.6983523397862543
2.4002512000846083,-0.5688511583271934,-0.35151686632822393,1.6483091018804277
5.805318135435544,-0.5444429007692407,-0.7828867484660201,0.16129609124292832
6.7356653523329335,3.7572362030926842,0.46850399397035486,0.45790730121905787
-1.6743840371118088,0.16281135779849584,-0.0015027244065216787,-0.24226895059352063
0.8332764324244917,-0.4345469602604932,0.2470862982855006,-1.1045816722210002
3.5611520804613304,0.7805618545603962,-0.9198051506900029,0.296418982439922
-2.181311650390063,0.28188097681311447,-0.4896952744337835,-0.13171959510466588
-1.8988270701143057,0.09553633958765288,-0.6637805073973145,-0.12105958080721876
1.3060880392772278,-1.103832562931241,1.3965948747569845,1.6615878084906863
2.9280246193461696,-1.1471915614165449,-1.0386130427994522,0.691894833472592
0.8623834199139279,-0.41927917069072385,-0.13132247677670777,-0.5856326467448513
-0.8527674052898137,0.13900920391326696,1.5368672222791475,-0.5077898801196339
2.1550256619727075,-0.7032879780555072,0.44255681057347046,1.1856698619911692
2.9610278542657342,-0.9607193294204248,0.16993174395348068,-1.0774760157272867
-1.8988270701143057,0.09553633958765288,-0.6637805073973145,-0.12105958080721876
6.6593245484356185,3.458309208671047,0.6793480869334986,0.14941763283445597
-1.8988270701143057,0.09553633958765288,-0.6637805073973145,-0.12105958080721876
1.608745770652459,-1.0624625991048917,0.22935686963816426,1.9815749726203724
3.183847685907202,0.5734976555843625,1.3242361739303032,0.16238636905948195
-1.8988270701143057,0.09553633958765288,-0.6637805073973145,-0.12105958080721876
-1.8988270701143057,0.09553633958765288,-0.6637805073973145,-0.12105958080721876
3.316164721997489,0.6182876066653648,-0.2010388856212819,-0.44290445344064033
-1.0339287179626082,-0.4777189031701368,-0.22237322444731897,0.5138625321424128
-1.7815479945062849,0.21276372995994744,-0.30886917344928644,-0.28052368054556437
-2.181311650390063,0.28188097681311447,-0.4896952744337835,-0.13171959510466588
2.5492929989571738,0.059740587070005326,-0.30054209266199833,-0.898839894861267
-2.181311650390063,0.28188097681311447,-0.4896952744337835,-0.13171959510466588
-2.1914267686036077,0.11470121427936829,-0.5372401593390467,0.06599923458572339
1.2926366996280023,-0.7884233115069832,0.14852821991431261,0.08907377708711976
3.915432988480702,-1.1368220083909544,-1.0582455629821845,-0.4221535186337096
-1.444754845060036,0.3175586713506993,-0.7822737021268213,-0.698226048432216
1.2821645470070366,-0.5787945506052948,-0.7534412099448116,-0.3401156323280351
2.5769579386677504,1.4983543419697771,0.661619316828303,0.8438372683573837
-1.6844991553253532,-0.004368404735250485,-0.04904760931178494,-0.04455012090313127
1.5505397057189874,-1.1906800941927362,-0.7804932316023181,2.3258326154627036
-1.8988270701143057,0.09553633958765288,-0.6637805073973145,-0.12105958080721876
-1.3549539440740397,0.06824659422410355,-0.04531253117867564,-0.44893443533914346
0.5063695623324996,-1.1527385477361256,1.7981125281816372,1.0561188470397267
-2.0400693602521844,0.18870865820038366,-0.576737890915549,-0.12638958795594232
2.210968739250445,-0.28358734512066075,0.7539759247350081,-1.9883408707490622
2.266738056240218,-1.3887417683999992,1.241666391100578,0.9221927942992186
1.3813414468527434,-1.3652899255585027,1.7463597227643313,0.8166849423882157
-1.3372119592424263,0.4187455311690545,0.6121747918549799,0.18154177203664604
-1.134403693023591,-0.060992047569974804,0.46927193428133845,-0.06339627357687184
1.6083363392591563,-0.9475991411833082,-0.37087568894966677,0.9784185584147113
1.9065749289032214,-0.5475948789559294,1.110920367596295,0.5839534477195083
-2.181311650390063,0.28188097681311447,-0.4896952744337835,-0.13171959510466588
1.9146359095105792,-0.9172708572932097,-0.3265230423003286,1.2113851494429448
-1.8988270701143057,0.09553633958765288,-0.6637805073973145,-0.12105958080721876
-2.1914267686036077,0.11470121427936829,-0.5372401593390467,0.06599923458572339
1.5087666127166894,-1.2149001650919553,0.7566465509401753,1.297872946940687
1.5104003072699483,-1.4024673489856436,1.5454314938243887,0.5421486422306723
-1.8988270701143057,0.09553633958765288,-0.6637805073973145,-0.12105958080721876
-2.0741476929955867,0.2319286046516628,-0.18232882539101855,-0.09346486515262212
-2.181311650390063,0.28188097681311447,-0.4896952744337835,-0.13171959510466588
4.151221012783956,-0.01266850948666976,-0.7471599537652663,0.28191471308533583
-2.181311650390063,0.28188097681311447,-0.4896952744337835,-0.13171959510466588
-1.0142741557516999,0.11732247732242289,0.47280718153480406,-0.39785430100129915
-2.112640220624793,0.23014305760940182,-0.5382168181608763,-0.212809168031076
0.7880086955416911,-0.052349297379652125,-1.5388475009758846,0.27868281766347275
1.175353745705745,-0.9428117824085676,-0.9087675701750357,0.6022000641535572
-1.5201823101724727,0.04567321794226057,0.45145438118264997,0.36587833295180144
-1.7916631127198295,0.04558396742620117,-0.3564140583545497,-0.082804850855175
1.0588290458499037,-0.00781077072939259,-0.8162070038990061,-1.5020216077331594
4.143538406446721,0.8312685034975463,-2.0873334289071264,0.16834130991043514
-2.0400693602521844,0.18870865820038366,-0.576737890915549,-0.12638958795594232
-1.457205660658986,0.12399374799569556,0.2618540869844454,-0.34075341837551476
-0.14730617639184335,0.8088845606885096,0.5409505708799942,-0.11201851720178292
5.560334546001713,2.5082406999499898,0.24020591467157817,0.5385288684555884
3.2899498539746674,0.7438947597746377,0.5592011586091046,-2.014112108018016
1.5782072617194525,0.1845902683756635,1.5804913254099895,0.7526199186810237
6.871978683306543,3.5843564172875677,-1.1091322681277662,0.32620841000577705
2.848404433099849,0.6725711852005728,-1.5735114408089679,1.7103905636168915
-1.0882250369443927,0.05048902674411929,-0.03590891011408669,-0.2863573655803507
-0.6660218143879219,-0.2513310571132461,0.21571840571424736,0.05781268994074522
-1.7916631127198295,0.04558396742620117,-0.3564140583545497,-0.082804850855175
-1.9329054028577082,0.138756286038932,-0.26937144187278406,-0.08813485800389856
6.029143732583894,1.9604578073766428,-1.0825626977367027,0.25690874883331566
4.57579538855213,-0.31120550300515737,-1.5538600547665462,0.45397258515065897
-1.9284429604143571,0.22668228713721963,-0.4672528968100756,-0.2494975646345375
-1.9385580786279017,0.05950252460347336,-0.5147977817153389,-0.05177873494414826
-1.192137098160187,0.0548046417336324,0.3040660097342665,-0.39627705951496667
-1.9284429604143571,0.22668228713721963,-0.4672528968100756,-0.2494975646345375
-1.592143143080903,0.01125219687808119,0.35658264502459913,-0.0705143828647469
-1.495176775354437,-0.029299965557946582,0.5085698349781972,0.19891883597637885
-1.699307100475379,0.0612045690395329,0.04921619598183453,-0.10876911281679066
-2.181311650390063,0.28188097681311447,-0.4896952744337835,-0.13171959510466588
-2.0400693602521844,0.18870865820038366,-0.576737890915549,-0.12638958795594232
-2.1914267686036077,0.11470121427936829,-0.5372401593390467,0.06599923458572339
-1.215659352093934,0.11934871481957653,-0.47798657289025726,0.13786036404488
-0.5395047523007034,-0.06951129479542952,0.5073344883424712,-0.6628591144857366
-2.181311650390063,0.28188097681311447,-0.4896952744337835,-0.13171959510466588
3.386178537424564,0.20019493009450115,0.777566557654187,0.994026640244234
-1.2074893176746648,-0.05425962185980223,-0.2325035802859564,-0.1345757263322358
-2.0741476929955867,0.2319286046516628,-0.18232882539101855,-0.09346486515262212
-2.0741476929955867,0.2319286046516628,-0.18232882539101855,-0.09346486515262212
-0.9483736087264035,1.2369023202083596,-0.011446524593371515,-0.10514662415424615
1.6235858402519694,-1.4731628476316314,0.5691994052652732,1.0789317138353844
-0.7010597503201368,-0.1341185289910211,0.3914529608298068,-0.23929180305498896
-1.8228909837993617,0.1498910483975834,-0.3133810795245816,-0.22487405573793645
-1.2580202389927628,0.002289910531887686,0.5694104404842093,-0.16556052873644672
-1.9238326049323418,0.17050952308786008,-0.7208959611928616,0.04589991616820384
3.467870210130582,-1.536187900341695,0.9537681344233958,-0.11257983547179701
-1.825741445463232,0.08880391387748036,0.03799500716998062,-0.04988012805185483
-2.3326690587414864,0.207873532892099,-0.45019754285728125,0.06066922743699983
-1.6628763519918324,0.11828246899175669,-0.5608049651487561,-0.31085448454009096
-1.825741445463232,0.08880391387748036,0.03799500716998062,-0.04988012805185483
-1.6844991553253532,-0.004368404735250485,-0.04904760931178494,-0.04455012090313127
-1.8598197782066344,0.13202386032875937,0.43240407269451075,-0.016955405248534654
-1.5914027081202393,0.0847111767033996,-0.012524082338732036,-0.2533062528401697
-1.8041186421297108,0.21145478760448747,-0.4737623486669907,-0.3161844916888145
4.356679551651945,2.4025783028259755,-1.335352919280474,1.1083103330023272
-1.9669837356011104,0.18197623249021114,0.12503762365174614,-0.055210135200578415
-1.1098962041292812,-0.09675451918678223,0.6621513791653875,-0.22452249178619285
-1.6909193427858695,-0.03327816341685754,0.12560733702274393,0.3556043438604943
-1.7144994024073845,0.24138996941398652,-0.8285305044971213,0.009433288355311518
-2.0400693602521844,0.18870865820038366,-0.576737890915549,-0.12638958795594232
-1.4678188247962565,-0.003975302654650924,0.350073193167684,-0.13720130991902382
-2.0400693602521844,0.18870865820038366,-0.576737890915549,-0.12638958795594232
-1.2083219115710946,-0.1024209768920903,-0.5021799390768397,0.03415997408250561
-1.699307100475379,0.0612045690395329,0.04921619598183453,-0.10876911281679066
-2.0400693602521844,0.18870865820038366,-0.576737890915549,-0.12638958795594232
4.234138262334245,-1.0230045607741705,0.5764645060914192,-1.309327908372465
-1.343736895548548,-0.13187249389610128,0.5769064775855983,-0.026929645763979587
2.0503759375472344,-1.266835010820824,0.8547300730885417,0.13016904835698004
0.04722561595930899,-0.17837486145037137,-0.9867921488700186,0.1591652667403407
3.661290002416215,-1.0267453654999819,0.24419114925638935,-0.39854922261579195
-2.0400693602521844,0.18870865820038366,-0.576737890915549,-0.12638958795594232
-0.768180657319991,0.29710284874214654,0.4289087253378078,0.22845432629456572
-1.3714268313720246,0.4234959373492449,-0.3138409238343557,-0.8040051868861733
-1.017224052869675,-0.22709644993568961,-0.33227220399747304,0.4483292948999967
4.875175362812376,-1.3571018869347546,0.4864793123584902,-0.28996949800739097
-0.8557890332691858,-0.11770494092075852,0.17972303833726216,-0.5309256100575889
-1.3585448406985738,-0.06629952012131791,0.6751702828792178,-0.0911486376776389
-1.9669837356011104,0.18197623249021114,0.12503762365174614,-0.055210135200578415
6.279321604119957,-1.4590134584671242,-0.7795236816941239,-0.8946092831618525
-0.8718354593036014,-0.08638023508789379,0.7828575620827147,-0.4065194532297239
2.2658943443651878,-0.5667581651749817,0.7341406456404981,-1.9611636734041802
-2.0400693602521844,0.18870865820038366,-0.576737890915549,-0.12638958795594232
-1.9329054028577082,0.138756286038932,-0.26937144187278406,-0.08813485800389856
-1.6814063046245453,0.16938842149357078,-0.6337664322811767,-0.3965026397985343
-0.8249684941355225,0.018478230917481388,0.15436404741431678,-0.14497849556812084
-1.501399111615933,3.393191322840366e-05,0.6087182676037124,-0.1101098658818052
-1.483751561688926,0.10275111789448436,-0.1585667799479404,0.16379296122850115
2.2046195384944562,-0.876713608566768,0.0634548570589854,0.12253422002461191
2.3358630463920824,-1.4671219911617162,1.9460682458688068,0.27713826543581327
2.5567647925647123,-0.27233117839417603,1.7659073931951907,-2.639009899065392
-1.8598197782066344,0.13202386032875937,0.43240407269451075,-0.016955405248534654
-1.3744775775912432,0.04042690042781736,0.1665303097635932,0.20984563346988608
-1.752655820812158,0.08207148816730774,0.7397705217372754,0.02129932470350911
2.8572250152579284,-1.7686629443205064,0.12142428513234552,2.3409756173267398
-0.8771224987648901,-0.23060715744801122,0.31257776123127384,0.8234064043178075
-1.7647952112068834,0.10197977598335493,-0.7776316060744101,0.4867357325176748
-2.089290186118316,0.21012951151075834,-0.48950536997678434,0.005218564582358326
-0.8788723457236428,-0.028089062087025406,-0.1075601777075559,0.6956880299312977
-2.0741476929955867,0.2319286046516628,-0.18232882539101855,-0.09346486515262212
-2.181311650390063,0.28188097681311447,-0.4896952744337835,-0.13171959510466588
-1.752655820812158,0.08207148816730774,0.7397705217372754,0.02129932470350911
-2.3326690587414864,0.207873532892099,-0.45019754285728125,0.06066922743699983
4.230870750379126,-1.2592089946187264,-1.3802900112821253,-0.3743621694213375
-1.6374613857804936,-0.07155417243003394,0.0965430472346221,0.525342432690147
-1.752655820812158,0.08207148816730774,0.7397705217372754,0.02129932470350911
-1.734510224961425,0.14557796226516392,-0.16327851690287917,0.2893688730477139
3.3217620995646637,-1.2881531683414367,-1.7615786318666138,0.37719050129447673
-1.674141648074871,0.275481049507214,-0.23484546068135112,-0.4192275418028419
-0.3730107679145689,-0.04625586329520305,2.32875352927227,0.9212702941153259
3.54521375453064,-1.5018924698970844,0.33370321272488995,0.8584999599307188
4.082547760581044,-1.0719797205197348,-0.35179853961864704,-1.6187710183794977
-1.6262214758243052,0.05447214332936027,0.7509917105491294,-0.03758966006142673
-1.4997871308364523,0.02687279849141281,0.7622128993609832,-0.09647864482636245
-1.5201823101724727,0.04567321794226057,0.45145438118264997,0.36587833295180144
-1.5988978785141228,-0.10502962871921372,0.1257972414797432,0.49254250354751844
-1.4130183527779965,-0.004279154219191138,0.7588208302254148,0.40413306290384515
-1.7498053591482878,0.14315862268741078,0.38839443504271326,-0.15369460298257254
-1.8598197782066344,0.13202386032875937,0.43240407269451075,-0.016955405248534654
4.345215560432693,0.07609109634030653,0.45534240758556765,-0.957656992328372
3.0741268684442384,-1.5763420042349852,1.1183183006435595,-0.17314641762274233
2.7346415867857323,-0.7329013658327306,-0.27903733266287334,0.4663647914138016
-1.8598197782066344,0.13202386032875937,0.43240407269451075,-0.016955405248534654
-1.9136350152643316,0.16110931336243625,-0.5655167021036949,-0.18527857272087814
-1.977098853814655,0.014796469956464865,0.0774927387464829,0.14250869448981088
-1.4130183527779965,-0.004279154219191138,0.7588208302254148,0.40413306290384515
-1.7968492717691051,-0.041888327915159417,1.0866347023565424,0.25194287719721853
-1.8598197782066344,0.13202386032875937,0.43240407269451075,-0.016955405248534654
-1.752655820812158,0.08207148816730774,0.7397705217372754,0.02129932470350911
-1.9669837356011104,0.18197623249021114,0.12503762365174614,-0.055210135200578415
-1.7333854332187815,0.10442451549081198,0.44362526150636467,-0.07584439001347049
-1.8598197782066344,0.13202386032875937,0.43240407269451075,-0.016955405248534654
-1.6283315025275118,0.06684398863457557,0.7332610698803603,-0.04538760235076789
3.233606729800818,-1.3162000835617165,-1.6188381624663803,1.0461967779553034
-1.9040132291635812,0.008064044246292236,0.7792682533137777,0.21368814724517485
-1.0288625732954846,-0.03058026107367475,0.30549859600336093,0.34590499820245785
7.015847814406993,3.6069119900895323,-0.36206767624799957,-0.23305818427576563
4.067102893401629,-1.4940491234613098,-0.0844825270390104,-0.5198586774823194
-1.6262214758243052,0.05447214332936027,0.7509917105491294,-0.03758966006142673
-1.9161526195583065,0.027972332062339435,-0.7381338744979079,0.6791245550593407
-1.977098853814655,0.014796469956464865,0.0774927387464829,0.14250869448981088
5.040278701483763,0.3732108905937946,0.4419636778093012,1.7315232344085072
1.0279998630099776,-0.3631873525332084,-1.5165007702745092,0.6672237302782608
-0.4192602102802367,-0.4466991357218012,0.7452833882272626,0.1017068937476407
-2.181311650390063,0.28188097681311447,-0.4896952744337835,-0.13171959510466588
2.304803760667134,-1.4307028280795426,-0.20854463195233966,0.6722821271104159
-1.869934896420179,-0.03515590220498684,0.3848591877892475,0.18076342444185464
4.263154166587087,-0.7151996026205047,-1.236290394291888,0.5338854803076203
0.23195228598199166,-0.34148336466347645,-0.7117093837534579,1.6813208778693776
-1.977098853814655,0.014796469956464865,0.0774927387464829,0.14250869448981088
-2.3326690587414864,0.207873532892099,-0.45019754285728125,0.06066922743699983
-1.735495459921988,0.11679636079602727,0.42589462083759555,-0.08364233230281162
-1.7185774880687559,0.03885154171602865,0.3453614562127452,-0.011625398099811068
-1.7185774880687559,0.03885154171602865,0.3453614562127452,-0.011625398099811068
-1.3630072831419247,-0.15422552121960553,0.873051737816509,0.07021406895299999
-1.7185774880687559,0.03885154171602865,0.3453614562127452,-0.011625398099811068
-1.6023407327489132,0.02065240660350507,0.20120338593543255,0.1606641060243351
-1.5773351979308772,-0.05432077689670219,0.25831883973097963,-0.00629539095108751
-2.181311650390063,0.28188097681311447,-0.4896952744337835,-0.13171959510466588
-1.718335099031818,0.15152123342474674,0.11201871993791584,-0.1885839893091323
4.988251209132359,2.4025503767653946,-0.08013446561077574,0.09860460686585287
-1.905247257574822,0.06662658090604588,-0.48912556106278576,0.2790948839564068
-1.752655820812158,0.08207148816730774,0.7397705217372754,0.02129932470350911
-2.0741476929955867,0.2319286046516628,-0.18232882539101855,-0.09346486515262212
-2.181311650390063,0.28188097681311447,-0.4896952744337835,-0.13171959510466588
-1.6114135306742796,-0.011100830445423003,0.6527279052555099,0.026629331852232697
-1.752655820812158,0.08207148816730774,0.7397705217372754,0.02129932470350911
-1.977098853814655,0.014796469956464865,0.0774927387464829,0.14250869448981088
3.8722022663926405,-0.9741370993324368,-1.2121899307500361,0.9196853660238342
3.435441332663091,-1.413937912128988,-1.587682111429851,0.09197421393804174
-2.3326690587414864,0.207873532892099,-0.45019754285728125,0.06066922743699983
-2.1914267686036077,0.11470121427936829,-0.5372401593390467,0.06599923458572339
-1.7243126352934148,0.13617775253974004,-0.00789925781371263,0.05819038415863194
2.2644863733074967,-1.432061669739334,-0.5900477122127638,0.40558499660922004
-2.0299542420386394,0.35588842073413,-0.5291930060102857,-0.3241084176463317
-1.708462369855211,0.20603130424977492,0.39290634111800843,-0.20934422779020037
1.5975104113074772,-1.1281304601749989,1.2204718678531374,0.4076902302442888
2.5531778837500045,-1.228700244101769,-0.4263271403120689,1.6827291149098302
-1.825741445463232,0.08880391387748036,0.03799500716998062,-0.04988012805185483
-1.8507469802812677,0.16377709737768756,-0.01912044662556655,0.11707936892356775
-1.8598197782066344,0.13202386032875937,0.43240407269451075,-0.016955405248534654
-1.5773351979308772,-0.05432077689670219,0.25831883973097963,-0.00629539095108751
-1.2763864181221336,-0.04127870878256242,0.9254212781264353,0.11406558924982742
-1.869934896420179,-0.03515590220498684,0.3848591877892475,0.18076342444185464
2.163656392738712,-1.0572438535662991,0.21574598346977666,-0.1539376966305484
-1.4678188247962565,-0.003975302654650924,0.350073193167684,-0.13720130991902382
-2.0501844784657286,0.02152889566663744,-0.6242827758208123,0.07132924173444695
-1.825741445463232,0.08880391387748036,0.03799500716998062,-0.04988012805185483
-1.9329054028577082,0.138756286038932,-0.26937144187278406,-0.08813485800389856
-1.5297216248187573,0.022138514799234434,-0.7854962000509192,-0.06654804621294422
-1.470171240536401,-0.10427314905815381,0.5656852887737444,0.03195933900095625
-1.343736895548548,-0.13187249389610128,0.5769064775855983,-0.026929645763979587
-1.7185774880687559,0.03885154171602865,0.3453614562127452,-0.011625398099811068
-1.5042495732798034,-0.06105320260687471,0.9600943542982746,0.06488406180427643
-1.5193920664025327,-0.08285229574777926,0.6529178097125092,0.16356749153925695
-1.9669837356011104,0.18197623249021114,0.12503762365174614,-0.055210135200578415
-1.5040071842428657,0.051616489101843445,0.7267516180234451,-0.11207452940504484
-1.7185774880687559,0.03885154171602865,0.3453614562127452,-0.011625398099811068
-1.5637999575621597,0.06535846125051357,-0.39108713452638894,-0.03362332340962405
-1.6114135306742796,-0.011100830445423003,0.6527279052555099,0.026629331852232697
4.625958411414354,-1.4736840496706696,-1.2035087899181074,0.12896944078583997
-2.22550510134701,0.1579211607306473,-0.1428310938145163,0.0989239573890436
-2.1183411439525335,0.10796878856919566,0.16453535522824844,0.13717868734108732
2.7035461731835864,-0.38588212154176743,-0.39563829191271743,-0.06567756410280576
-1.825741445463232,0.08880391387748036,0.03799500716998062,-0.04988012805185483
-1.8988270701143057,0.09553633958765288,-0.6637805073973145,-0.12105958080721876
-1.0662470275367861,-0.14743194047253302,-0.31954619676772195,-0.12924571918351224
-0.7181250498460018,0.20158251729766827,0.38430341036308635,0.42675990775620887
-1.9669837356011104,0.18197623249021114,0.12503762365174614,-0.055210135200578415
-0.4173433378152798,-0.10000475806433741,-0.14981014402719878,-1.091513622049183
-1.3957755204333608,-0.14613425384964168,0.5527793035096382,0.26573174669883176
-1.5201823101724727,0.04567321794226057,0.45145438118264997,0.36587833295180144
-1.9329054028577082,0.138756286038932,-0.26937144187278406,-0.08813485800389856
-1.6114135306742796,-0.011100830445423003,0.6527279052555099,0.026629331852232697
-1.470171240536401,-0.10427314905815381,0.5656852887737444,0.03195933900095625
-1.470171240536401,-0.10427314905815381,0.5656852887737444,0.03195933900095625
-1.8988270701143057,0.09553633958765288,-0.6637805073973145,-0.12105958080721876
-1.825741445463232,0.08880391387748036,0.03799500716998062,-0.04988012805185483
-1.4673207788725307,-0.043186014538050786,0.21430920207918214,-0.14303458868512542
4.720905777930998,-1.5835586908281984,-1.7919724644119255,0.11437669090113191
-1.5580648103375003,-0.031967749573197944,-0.03782642049993103,-0.1034391056680671
-1.534534559525262,-0.10465138888868379,0.34574126512674375,0.2622509212742374
1.4689941007054226,-0.0716141624171468,1.3031316295296498,-0.16982042463318137
4.297978983365875,-1.4689829266355217,-0.029490742691471776,0.3034622921898699
3.250816295433932,-1.1850185560886268,0.31588895538677986,-0.14523591661097088
3.9187277722893405,-1.1090641490578437,-0.23741218036691192,-0.07484437179093667
-1.825741445463232,0.08880391387748036,0.03799500716998062,-0.04988012805185483
-2.0400693602521844,0.18870865820038366,-0.576737890915549,-0.12638958795594232
2.67111462915614,-0.9074666231393413,1.1384190609148923,-1.3659719712200038
-1.343736895548548,-0.13187249389610128,0.5769064775855983,-0.026929645763979587
-1.6114135306742796,-0.011100830445423003,0.6527279052555099,0.026629331852232697
-2.0400693602521844,0.18870865820038366,-0.576737890915549,-0.12638958795594232
-2.0400693602521844,0.18870865820038366,-0.576737890915549,-0.12638958795594232
-1.8988270701143057,0.09553633958765288,-0.6637805073973145,-0.12105958080721876
-1.4849791856864267,-0.03870017528337046,0.6639490940673638,-0.03225965291270314
3.2821597909462588,-1.2869190063331686,-0.7341641455983906,0.09292464162856622
3.271360619737998,-1.1515193313055836,-0.451781766109048,-0.44336316315893554
-1.9669837356011104,0.18197623249021114,0.12503762365174614,-0.055210135200578415
-1.0201146358615214,0.06508325652570539,-0.02051756122579034,0.6903580227825742
-2.181311650390063,0.28188097681311447,-0.4896952744337835,-0.13171959510466588
5.566728013319789,-1.7050908619897345,-0.9288992044308794,-0.1633087229472335
-1.501399111615933,3.393191322840366e-05,0.6087182676037124,-0.1101098658818052
2.5744041265948043,-0.6901091027322874,0.43021494753709627,0.19391394542392013
-1.752655820812158,0.08207148816730774,0.7397705217372754,0.02129932470350911
2.182981950493277,-0.9615515694541025,-0.9866439649328935,-0.6770102063398128
2.2913732579369026,-1.0866815378318708,-1.6814200615237112,0.34385088498342403
1.2793401161832263,-1.2050126463077344,1.421698707654774,1.647734818644674
-1.6262214758243052,0.05447214332936027,0.7509917105491294,-0.03758966006142673
1.8534574213406796,-1.2057458423707097,-0.44491430872985566,0.4460160247873676
-1.6114135306742796,-0.011100830445423003,0.6527279052555099,0.026629331852232697
-1.592143143080903,0.01125219687808119,0.35658264502459913,-0.0705143828647469
-1.2173025505606951,-0.15947183873404874,0.5881276663974522,-0.08581863052891534
-1.825741445463232,0.08880391387748036,0.03799500716998062,-0.04988012805185483
-1.4003858759153764,-0.08996148980028222,0.8064223678924244,-0.029665734103909578
-1.825741445463232,0.08880391387748036,0.03799500716998062,-0.04988012805185483
-2.1914267686036077,0.11470121427936829,-0.5372401593390467,0.06599923458572339
-1.7185774880687559,0.03885154171602865,0.3453614562127452,-0.011625398099811068
2.34768676541306,-0.6329801616275129,-1.3171388991069302,-0.8453002260635856
1.8400051637430035,-0.6563052075438357,-0.9507265520135266,1.877232467334018
3.6325395666093145,-0.2286838846023087,1.2087314984542816,-0.48422541337988206
-1.7435830228867917,0.11382472521623586,0.28824600241719806,0.15533409887561153
-2.181311650390063,0.28188097681311447,-0.4896952744337835,-0.13171959510466588
4.860536003016934,-1.3594168310491799,-1.612902738999005,0.18302457663631352
-1.752655820812158,0.08207148816730774,0.7397705217372754,0.02129932470350911
2.4151000177868434,-1.040134752176121,0.46853936923538014,2.6669568514579245
3.5251503430434714,-0.9245586415753405,-1.4188866344161464,-0.5081533933851503
6.76336154496556,3.002077260055141,-0.5104936766997588,1.1829331743739746
-1.6842567662884158,0.10830128697346773,-0.2823903455866144,-0.22150871211245252
-2.0842628112091313,0.06474884211791658,-0.2298737102962818,0.10425396453776715
-1.4657087980930499,-0.016347147959866214,0.36780383383645304,-0.12940336762968266
-1.825741445463232,0.08880391387748036,0.03799500716998062,-0.04988012805185483
-1.7185774880687559,0.03885154171602865,0.3453614562127452,-0.011625398099811068
-1.6114135306742796,-0.011100830445423003,0.6527279052555099,0.026629331852232697
-1.825741445463232,0.08880391387748036,0.03799500716998062,-0.04988012805185483
0.03808929707956499,-0.5535384574055449,0.29372339460696145,0.12418061215439587
-1.0381777602577889,-0.17500318983132102,0.9903658515982677,0.38882881523967666
-2.181311650390063,0.28188097681311447,-0.4896952744337835,-0.13171959510466588
-1.64653418370586,-0.10330740947896207,0.5480675665546995,0.39130765851804455
-1.2866932444587407,-0.014469409171736912,0.10855198306994945,0.045437551788956906
2.849273740316383,0.410185014048504,-1.0105431778764684,-0.7222205395617279
-1.7060618359085988,-0.05507725655776204,-0.1815692075630215,0.45428777359547473
-2.0741476929955867,0.2319286046516628,-0.18232882539101855,-0.09346486515262212
-1.8598197782066344,0.13202386032875937,0.43240407269451075,-0.016955405248534654
-1.26829885515733,-0.03830707320277101,1.0630698965468328,-0.12491084192859572
-1.6114135306742796,-0.011100830445423003,0.6527279052555099,0.026629331852232697
-2.181311650390063,0.28188097681311447,-0.4896952744337835,-0.13171959510466588
2.236009347676632,-0.49050307742957977,0.3616319227189542,-1.436479388950786
-1.9669837356011104,0.18197623249021114,0.12503762365174614,-0.055210135200578415
-1.587680700637552,0.09917819797636877,0.15870119008730788,-0.2318770894953858
4.758362174999148,0.08000869052288995,-0.007741597753310746,-1.3803787106501348
-0.8904551599091186,-0.1673237278579492,0.0843893346937657,0.22653788848642106
-1.8598197782066344,0.13202386032875937,0.43240407269451075,-0.016955405248534654
-1.5201823101724727,0.04567321794226057,0.45145438118264997,0.36587833295180144
-1.6273462675669488,0.09562559010371229,0.14408793213988536,0.3276236029997576
-1.825741445463232,0.08880391387748036,0.03799500716998062,-0.04988012805185483
-1.825741445463232,0.08880391387748036,0.03799500716998062,-0.04988012805185483
-2.181311650390063,0.28188097681311447,-0.4896952744337835,-0.13171959510466588
-2.0741476929955867,0.2319286046516628,-0.18232882539101855,-0.09346486515262212
-1.825741445463232,0.08880391387748036,0.03799500716998062,-0.04988012805185483
-1.9305529871175637,0.2390541324424348,-0.48498353747884454,-0.2572955069238787
-1.9488381397503773,0.24548270658806728,-0.7780114149884086,0.2128594131436264
6.3111275920138485,4.021975874642408,-1.592103185790056,-0.7968915831450133
-1.825741445463232,0.08880391387748036,0.03799500716998062,-0.04988012805185483
-1.4233251791146038,0.022530145391634372,-0.05804846483107111,0.33550502544297467
-1.6832715313278526,0.13708288844260438,-0.8715634833270892,0.151502493238073
-1.501399111615933,3.393191322840366e-05,0.6087182676037124,-0.1101098658818052
-1.7185774880687559,0.03885154171602865,0.3453614562127452,-0.011625398099811068
-1.6844991553253532,-0.004368404735250485,-0.04904760931178494,-0.04455012090313127
-1.825741445463232,0.08880391387748036,0.03799500716998062,-0.04988012805185483
-1.6114135306742796,-0.011100830445423003,0.6527279052555099,0.026629331852232697
0.8667556396692213,0.2393654483112099,0.13400711073241323,-2.2416863051418017
3.1173405780740575,-0.500433510089001,0.011462235000071482,1.4869747524892194
-2.181311650390063,0.28188097681311447,-0.4896952744337835,-0.13171959510466588
-2.0400693602521844,0.18870865820038366,-0.576737890915549,-0.12638958795594232
-1.5773351979308772,-0.05432077689670219,0.25831883973097963,-0.00629539095108751
-1.7872006702764787,0.13350996852448885,-0.554295513291841,-0.24416755748581395
-1.7872006702764787,0.13350996852448885,-0.554295513291841,-0.24416755748581395
-1.5932679348235466,0.0524056436524332,-0.2503211333846447,0.2946988801964375
-2.181311650390063,0.28188097681311447,-0.4896952744337835,-0.13171959510466588
-1.2527011209258416,0.5440641889113129,0.6468136914961371,0.21759535004413227
-1.6844991553253532,-0.004368404735250485,-0.04904760931178494,-0.04455012090313127
2.081524832205311,0.7911545421470291,-0.24897698086896253,-2.224552352726244
3.9775710303728813,-0.954568636851374,-1.263006352267745,-1.130943918391283
2.9999179590855314,-1.0539288280736054,-1.6467752775070532,0.20046324146473696
-1.4439380817208645,-0.03779503938050623,-0.1997151314460128,0.06105245616673792
-1.7916631127198295,0.04558396742620117,-0.3564140583545497,-0.082804850855175
-1.2262154309035895,0.09802458818491148,0.6984750752587967,-0.3633523367116464
-2.0400693602521844,0.18870865820038366,-0.576737890915549,-0.12638958795594232
-1.4805167432430757,0.04922582581491706,0.4660676391300725,-0.19362235954334203
-1.9136350152643316,0.16110931336243625,-0.5655167021036949,-0.18527857272087814
-1.752655820812158,0.08207148816730774,0.7397705217372754,0.02129932470350911
-2.181311650390063,0.28188097681311447,-0.4896952744337835,-0.13171959510466588
-2.0741476929955867,0.2319286046516628,-0.18232882539101855,-0.09346486515262212
6.427454207521166,1.2591090311295974,0.0042684437185661174,1.0030841577126586
4.062170760098684,-0.2358887292639451,-1.0677724492276797,0.9261763535438802
-1.3601568214780544,-0.0931383866995024,0.5216756511219468,-0.10477985873308164
-2.181311650390063,0.28188097681311447,-0.4896952744337835,-0.13171959510466588
-2.181311650390063,0.28188097681311447,-0.4896952744337835,-0.13171959510466588
-2.181311650390063,0.28188097681311447,-0.4896952744337835,-0.13171959510466588
-2.181311650390063,0.28188097681311447,-0.4896952744337835,-0.13171959510466588
-1.6057126073465386,0.11107343859478318,-0.050024268133614394,-0.32335852351993066
-1.8598197782066344,0.13202386032875937,0.43240407269451075,-0.016955405248534654
-1.2505966813322413,3.943011738403573,-0.16426875286513415,0.9153574361451627
-1.9488381397503773,0.24548270658806728,-0.7780114149884086,0.2128594131436264
2.393689971298214,-0.7612702937485348,-0.26584873450322316,-0.650978443263999
-1.9669837356011104,0.18197623249021114,0.12503762365174614,-0.055210135200578415
-1.6927821641692573,0.6118225941046886,0.08448451025121624,0.09970230498383495
-1.7236048629779404,0.18423221110887036,0.08572979653224312,-0.11066079805521997
-2.0741476929955867,0.2319286046516628,-0.18232882539101855,-0.09346486515262212
3.7892607133648735,-0.14220878122753539,-0.6621443863487149,-2.4961329632849805
2.2400069483839866,-1.0912867736350467,-1.031890111876946,-0.6786405738929846
2.632462428186012,-1.1846981445221088,-1.1048943563464586,-0.40610130668527583
