mean_fit_time,std_fit_time,mean_score_time,std_score_time,param_model__class_weight,param_model__max_depth,param_model__max_features,param_model__min_samples_leaf,param_model__min_samples_split,param_model__n_estimators,params,split0_test_score,split1_test_score,split2_test_score,split3_test_score,split4_test_score,mean_test_score,std_test_score,rank_test_score,split0_train_score,split1_train_score,split2_train_score,split3_train_score,split4_train_score,mean_train_score,std_train_score
0.3458407402038574,0.06459746399594005,0.019584226608276366,0.0009082994955504355,,,sqrt,1,2,100,"{'model__class_weight': None, 'model__max_depth': None, 'model__max_features': 'sqrt', 'model__min_samples_leaf': 1, 'model__min_samples_split': 2, 'model__n_estimators': 100}",0.96,0.9315068493150684,0.9230769230769231,0.95,0.9743589743589743,0.9477885493501932,0.018631992674966423,10,1.0,1.0,1.0,1.0,1.0,1.0,0.0
0.3876361846923828,0.02109590601454195,0.03006901741027832,0.0011897805350874124,,,sqrt,1,2,200,"{'model__class_weight': None, 'model__max_depth': None, 'model__max_features': 'sqrt', 'model__min_samples_leaf': 1, 'model__min_samples_split': 2, 'model__n_estimators': 200}",0.9459459459459459,0.9315068493150684,0.9230769230769231,0.9367088607594937,0.9620253164556962,0.9398527791106256,0.013339536774686472,42,1.0,1.0,1.0,1.0,1.0,1.0,0.0
0.18578457832336426,0.003975001863190619,0.02071065902709961,0.005661435633054536,,,sqrt,1,5,100,"{'model__class_weight': None, 'model__max_depth': None, 'model__max_features': 'sqrt', 'model__min_samples_leaf': 1, 'model__min_samples_split': 5, 'model__n_estimators': 100}",0.9459459459459459,0.9459459459459459,0.9230769230769231,0.925,0.9743589743589743,0.9428655578655579,0.01855575969086122,35,0.987012987012987,0.987012987012987,0.987012987012987,0.987012987012987,0.9838187702265372,0.9863741436556971,0.0012776867145799287
0.4776364803314209,0.03816607844006059,0.0453524112701416,0.01066898897993105,,,sqrt,1,5,200,"{'model__class_weight': None, 'model__max_depth': None, 'model__max_features': 'sqrt', 'model__min_samples_leaf': 1, 'model__min_samples_split': 5, 'model__n_estimators': 200}",0.9459459459459459,0.9315068493150684,0.9230769230769231,0.925,0.9620253164556962,0.9375110069587267,0.014649351845521833,69,0.9838187702265372,0.987012987012987,0.987012987012987,0.9838187702265372,0.9838187702265372,0.9850964569411171,0.0015648402509269366
0.20365476608276367,0.007286135295021848,0.020202445983886718,0.004507418065549332,,,sqrt,2,2,100,"{'model__class_weight': None, 'model__max_depth': None, 'model__max_features': 'sqrt', 'model__min_samples_leaf': 2, 'model__min_samples_split': 2, 'model__n_estimators': 100}",0.9473684210526315,0.9459459459459459,0.9367088607594937,0.925,0.9743589743589743,0.9458764404234092,0.016330069554369,18,0.9806451612903225,0.987012987012987,0.987012987012987,0.9838187702265372,0.9838187702265372,0.9844617351538743,0.0023837288414905677
0.3963298797607422,0.010963934010055925,0.03166317939758301,0.0034561948097466383,,,sqrt,2,2,200,"{'model__class_weight': None, 'model__max_depth': None, 'model__max_features': 'sqrt', 'model__min_samples_leaf': 2, 'model__min_samples_split': 2, 'model__n_estimators': 200}",0.9473684210526315,0.9315068493150684,0.9230769230769231,0.95,0.9743589743589743,0.9452622335607195,0.017634632849441674,23,0.9806451612903225,0.987012987012987,0.987012987012987,0.9838187702265372,0.9838187702265372,0.9844617351538743,0.0023837288414905677
0.22279396057128906,0.022310542716855564,0.021746730804443358,0.0032126246504001277,,,sqrt,2,5,100,"{'model__class_weight': None, 'model__max_depth': None, 'model__max_features': 'sqrt', 'model__min_samples_leaf': 2, 'model__min_samples_split': 5, 'model__n_estimators': 100}",0.9473684210526315,0.9459459459459459,0.9230769230769231,0.925,0.9743589743589743,0.943150052886895,0.01861162748173748,33,0.9773462783171522,0.987012987012987,0.9806451612903225,0.9838187702265372,0.9806451612903225,0.9818936716274642,0.003277491012197388
0.4097906589508057,0.02011252082703507,0.0334536075592041,0.004668243558699893,,,sqrt,2,5,200,"{'model__class_weight': None, 'model__max_depth': None, 'model__max_features': 'sqrt', 'model__min_samples_leaf': 2, 'model__min_samples_split': 5, 'model__n_estimators': 200}",0.9473684210526315,0.9315068493150684,0.9230769230769231,0.95,0.9743589743589743,0.9452622335607195,0.017634632849441674,23,0.9806451612903225,0.987012987012987,0.987012987012987,0.9806451612903225,0.977491961414791,0.9825616516042821,0.0038125163004505093
0.24145169258117677,0.0044540226295787235,0.020272207260131837,0.002592589476630015,,,,1,2,100,"{'model__class_weight': None, 'model__max_depth': None, 'model__max_features': None, 'model__min_samples_leaf': 1, 'model__min_samples_split': 2, 'model__n_estimators': 100}",0.9315068493150684,0.9459459459459459,0.935064935064935,0.9230769230769231,0.9620253164556962,0.9395239939717136,0.013432906881873987,44,1.0,1.0,1.0,1.0,1.0,1.0,0.0
0.483826208114624,0.10446850223198176,0.03397517204284668,0.005283190806428424,,,,1,2,200,"{'model__class_weight': None, 'model__max_depth': None, 'model__max_features': None, 'model__min_samples_leaf': 1, 'model__min_samples_split': 2, 'model__n_estimators': 200}",0.9315068493150684,0.9459459459459459,0.935064935064935,0.9230769230769231,0.9620253164556962,0.9395239939717136,0.013432906881873987,44,1.0,1.0,1.0,1.0,1.0,1.0,0.0
0.3093904495239258,0.07080354044499226,0.029716014862060547,0.015540264603196898,,,,1,5,100,"{'model__class_weight': None, 'model__max_depth': None, 'model__max_features': None, 'model__min_samples_leaf': 1, 'model__min_samples_split': 5, 'model__n_estimators': 100}",0.9315068493150684,0.9459459459459459,0.935064935064935,0.9230769230769231,0.9620253164556962,0.9395239939717136,0.013432906881873987,44,0.990228013029316,0.990228013029316,0.990228013029316,0.9934640522875817,0.990228013029316,0.9908752208809691,0.0012944157033063064
0.4833057880401611,0.04648928273806012,0.057415437698364255,0.027939653730875934,,,,1,5,200,"{'model__class_weight': None, 'model__max_depth': None, 'model__max_features': None, 'model__min_samples_leaf': 1, 'model__min_samples_split': 5, 'model__n_estimators': 200}",0.9315068493150684,0.9459459459459459,0.935064935064935,0.9230769230769231,0.9620253164556962,0.9395239939717136,0.013432906881873987,44,0.987012987012987,0.990228013029316,0.990228013029316,0.9934640522875817,0.9869281045751634,0.9895722339868728,0.002430946622612609
0.2282723903656006,0.01612957912714087,0.017985010147094728,0.0004841459567060631,,,,2,2,100,"{'model__class_weight': None, 'model__max_depth': None, 'model__max_features': None, 'model__min_samples_leaf': 2, 'model__min_samples_split': 2, 'model__n_estimators': 100}",0.9315068493150684,0.9166666666666666,0.9230769230769231,0.9230769230769231,0.9620253164556962,0.9312705357182555,0.0160838798169624,93,0.987012987012987,0.990228013029316,0.987012987012987,0.9934640522875817,0.9869281045751634,0.9889292287836071,0.002592293497027676
0.43511309623718264,0.016767425811127907,0.03268561363220215,0.0030341366058628666,,,,2,2,200,"{'model__class_weight': None, 'model__max_depth': None, 'model__max_features': None, 'model__min_samples_leaf': 2, 'model__min_samples_split': 2, 'model__n_estimators': 200}",0.9315068493150684,0.9459459459459459,0.935064935064935,0.9230769230769231,0.9620253164556962,0.9395239939717136,0.013432906881873987,44,0.987012987012987,0.990228013029316,0.9869281045751634,0.9934640522875817,0.9869281045751634,0.9889122522960424,0.002605033682782613
0.2229137420654297,0.011836268645113059,0.019123649597167967,0.001397708414614643,,,,2,5,100,"{'model__class_weight': None, 'model__max_depth': None, 'model__max_features': None, 'model__min_samples_leaf': 2, 'model__min_samples_split': 5, 'model__n_estimators': 100}",0.9315068493150684,0.9315068493150684,0.9230769230769231,0.9230769230769231,0.9620253164556962,0.9342385722479358,0.014395781315822701,80,0.987012987012987,0.990228013029316,0.9805194805194806,0.9837133550488599,0.9773462783171522,0.9837640227855591,0.0045619295088848155
0.43767423629760743,0.02045968463857397,0.034026288986206056,0.005919863899029798,,,,2,5,200,"{'model__class_weight': None, 'model__max_depth': None, 'model__max_features': None, 'model__min_samples_leaf': 2, 'model__min_samples_split': 5, 'model__n_estimators': 200}",0.9315068493150684,0.9459459459459459,0.935064935064935,0.9230769230769231,0.9620253164556962,0.9395239939717136,0.013432906881873987,44,0.9838187702265372,0.990228013029316,0.9869281045751634,0.987012987012987,0.9805194805194806,0.9857014710726968,0.003289737815261115
0.21095333099365235,0.013203687959220433,0.022172212600708008,0.007154466488684667,,5,sqrt,1,2,100,"{'model__class_weight': None, 'model__max_depth': 5, 'model__max_features': 'sqrt', 'model__min_samples_leaf': 1, 'model__min_samples_split': 2, 'model__n_estimators': 100}",0.9473684210526315,0.9459459459459459,0.9367088607594937,0.9382716049382716,0.9620253164556962,0.9460640298304078,0.008996878625878734,16,0.9806451612903225,0.977491961414791,0.9806451612903225,0.977491961414791,0.9710610932475884,0.977467067731563,0.0034996658645282367
0.4092689514160156,0.012357742804583897,0.030764341354370117,0.0006691564932008476,,5,sqrt,1,2,200,"{'model__class_weight': None, 'model__max_depth': 5, 'model__max_features': 'sqrt', 'model__min_samples_leaf': 1, 'model__min_samples_split': 2, 'model__n_estimators': 200}",0.96,0.9459459459459459,0.9367088607594937,0.9382716049382716,0.9620253164556962,0.9485903456198814,0.010633133083060669,7,0.9806451612903225,0.977491961414791,0.9838187702265372,0.9806451612903225,0.9743589743589743,0.9793920057161895,0.0032149219214787526
0.20979690551757812,0.017324193422034086,0.01850581169128418,0.0005755995925121064,,5,sqrt,1,5,100,"{'model__class_weight': None, 'model__max_depth': 5, 'model__max_features': 'sqrt', 'model__min_samples_leaf': 1, 'model__min_samples_split': 5, 'model__n_estimators': 100}",0.9473684210526315,0.9459459459459459,0.9230769230769231,0.9382716049382716,0.9743589743589743,0.9458043738745493,0.016679994740153022,20,0.970873786407767,0.9743589743589743,0.9806451612903225,0.977491961414791,0.9710610932475884,0.9748861953438887,0.003767346521709266
0.41734023094177247,0.03193126604290804,0.03559412956237793,0.005120392857314114,,5,sqrt,1,5,200,"{'model__class_weight': None, 'model__max_depth': 5, 'model__max_features': 'sqrt', 'model__min_samples_leaf': 1, 'model__min_samples_split': 5, 'model__n_estimators': 200}",0.9473684210526315,0.9459459459459459,0.9367088607594937,0.9382716049382716,0.9743589743589743,0.9485307614110635,0.013565666343596955,8,0.9741935483870968,0.9743589743589743,0.9806451612903225,0.9743589743589743,0.9743589743589743,0.9755831265508684,0.002531828151491659
0.21281647682189941,0.012881114949246368,0.01992340087890625,0.0013501322132981489,,5,sqrt,2,2,100,"{'model__class_weight': None, 'model__max_depth': 5, 'model__max_features': 'sqrt', 'model__min_samples_leaf': 2, 'model__min_samples_split': 2, 'model__n_estimators': 100}",0.9473684210526315,0.9459459459459459,0.9367088607594937,0.9382716049382716,0.9620253164556962,0.9460640298304078,0.008996878625878734,16,0.9741935483870968,0.977491961414791,0.977491961414791,0.9743589743589743,0.9710610932475884,0.9749195077646483,0.002406807548037654
0.4075063705444336,0.0189849171195234,0.03428325653076172,0.003232429204781718,,5,sqrt,2,2,200,"{'model__class_weight': None, 'model__max_depth': 5, 'model__max_features': 'sqrt', 'model__min_samples_leaf': 2, 'model__min_samples_split': 2, 'model__n_estimators': 200}",0.9473684210526315,0.9315068493150684,0.9367088607594937,0.95,0.9620253164556962,0.945521889516578,0.010676301613136558,21,0.9741935483870968,0.9743589743589743,0.9806451612903225,0.9743589743589743,0.9710610932475884,0.9749235503285913,0.0031249256498520456
0.21279549598693848,0.020742810105281166,0.020532798767089844,0.004032959289328754,,5,sqrt,2,5,100,"{'model__class_weight': None, 'model__max_depth': 5, 'model__max_features': 'sqrt', 'model__min_samples_leaf': 2, 'model__min_samples_split': 5, 'model__n_estimators': 100}",0.9473684210526315,0.9459459459459459,0.9367088607594937,0.9367088607594937,0.9743589743589743,0.9482182125753079,0.01381416031713613,9,0.9741935483870968,0.9743589743589743,0.9806451612903225,0.9743589743589743,0.9710610932475884,0.9749235503285913,0.0031249256498520456
0.4151636600494385,0.019611302823635796,0.03208250999450683,0.0015186239669161567,,5,sqrt,2,5,200,"{'model__class_weight': None, 'model__max_depth': 5, 'model__max_features': 'sqrt', 'model__min_samples_leaf': 2, 'model__min_samples_split': 5, 'model__n_estimators': 200}",0.9473684210526315,0.9315068493150684,0.9367088607594937,0.95,0.9620253164556962,0.945521889516578,0.010676301613136558,21,0.9741935483870968,0.9712460063897763,0.9806451612903225,0.9743589743589743,0.9710610932475884,0.9743009567347517,0.003466793073331933
0.2406163215637207,0.022215018062104245,0.0193450927734375,0.0012193290736911282,,5,,1,2,100,"{'model__class_weight': None, 'model__max_depth': 5, 'model__max_features': None, 'model__min_samples_leaf': 1, 'model__min_samples_split': 2, 'model__n_estimators': 100}",0.9315068493150684,0.9459459459459459,0.935064935064935,0.9230769230769231,0.9620253164556962,0.9395239939717136,0.013432906881873987,44,0.9806451612903225,0.9838187702265372,0.9838187702265372,0.9838187702265372,0.987012987012987,0.9838228917965843,0.002013689629618283
0.44739794731140137,0.02555936634664961,0.03161783218383789,0.0016178553643068471,,5,,1,2,200,"{'model__class_weight': None, 'model__max_depth': 5, 'model__max_features': None, 'model__min_samples_leaf': 1, 'model__min_samples_split': 2, 'model__n_estimators': 200}",0.9315068493150684,0.9459459459459459,0.935064935064935,0.9230769230769231,0.9620253164556962,0.9395239939717136,0.013432906881873987,44,0.9806451612903225,0.9838187702265372,0.9838187702265372,0.9838187702265372,0.987012987012987,0.9838228917965843,0.002013689629618283
0.22291111946105957,0.011493210752380408,0.0188692569732666,0.0013968738813849868,,5,,1,5,100,"{'model__class_weight': None, 'model__max_depth': 5, 'model__max_features': None, 'model__min_samples_leaf': 1, 'model__min_samples_split': 5, 'model__n_estimators': 100}",0.9315068493150684,0.9459459459459459,0.935064935064935,0.9230769230769231,0.9620253164556962,0.9395239939717136,0.013432906881873987,44,0.9773462783171522,0.9838187702265372,0.9838187702265372,0.9838187702265372,0.9805194805194806,0.9818644139032487,0.0025954159934877138
0.43367819786071776,0.017968822356405678,0.03381819725036621,0.004757676304627397,,5,,1,5,200,"{'model__class_weight': None, 'model__max_depth': 5, 'model__max_features': None, 'model__min_samples_leaf': 1, 'model__min_samples_split': 5, 'model__n_estimators': 200}",0.9315068493150684,0.9459459459459459,0.935064935064935,0.9230769230769231,0.9620253164556962,0.9395239939717136,0.013432906881873987,44,0.9773462783171522,0.9806451612903225,0.9838187702265372,0.9838187702265372,0.9773462783171522,0.9805950516755402,0.0028946948106466004
0.23023948669433594,0.012113073668311944,0.019093894958496095,0.000777184457736345,,5,,2,2,100,"{'model__class_weight': None, 'model__max_depth': 5, 'model__max_features': None, 'model__min_samples_leaf': 2, 'model__min_samples_split': 2, 'model__n_estimators': 100}",0.9315068493150684,0.9315068493150684,0.935064935064935,0.9230769230769231,0.9620253164556962,0.9366361746455383,0.013293235689391471,71,0.9806451612903225,0.9806451612903225,0.9805194805194806,0.9838187702265372,0.9805194805194806,0.9812296107692287,0.0012957992919717198
0.42101321220397947,0.023085919407759708,0.03674626350402832,0.009223507970679173,,5,,2,2,200,"{'model__class_weight': None, 'model__max_depth': 5, 'model__max_features': None, 'model__min_samples_leaf': 2, 'model__min_samples_split': 2, 'model__n_estimators': 200}",0.9315068493150684,0.9459459459459459,0.935064935064935,0.9230769230769231,0.9620253164556962,0.9395239939717136,0.013432906881873987,44,0.9806451612903225,0.9806451612903225,0.9805194805194806,0.9838187702265372,0.9805194805194806,0.9812296107692287,0.0012957992919717198
0.2246941089630127,0.021334317735819223,0.020584869384765624,0.0017682539061089823,,5,,2,5,100,"{'model__class_weight': None, 'model__max_depth': 5, 'model__max_features': None, 'model__min_samples_leaf': 2, 'model__min_samples_split': 5, 'model__n_estimators': 100}",0.9315068493150684,0.9315068493150684,0.935064935064935,0.9230769230769231,0.9620253164556962,0.9366361746455383,0.013293235689391471,71,0.9773462783171522,0.9806451612903225,0.9805194805194806,0.9805194805194806,0.9773462783171522,0.9792753357927175,0.0015757372613619753
0.42769527435302734,0.012489758076463887,0.0318234920501709,0.0016990306866710308,,5,,2,5,200,"{'model__class_weight': None, 'model__max_depth': 5, 'model__max_features': None, 'model__min_samples_leaf': 2, 'model__min_samples_split': 5, 'model__n_estimators': 200}",0.9315068493150684,0.9459459459459459,0.935064935064935,0.9230769230769231,0.9620253164556962,0.9395239939717136,0.013432906881873987,44,0.9773462783171522,0.9806451612903225,0.9805194805194806,0.9773462783171522,0.9773462783171522,0.978640695352252,0.001585828728693809
0.2207019329071045,0.016660684794783703,0.018750333786010744,0.0005813205987644323,,10,sqrt,1,2,100,"{'model__class_weight': None, 'model__max_depth': 10, 'model__max_features': 'sqrt', 'model__min_samples_leaf': 1, 'model__min_samples_split': 2, 'model__n_estimators': 100}",0.96,0.9315068493150684,0.9230769230769231,0.95,0.9743589743589743,0.9477885493501932,0.018631992674966423,10,1.0,1.0,1.0,1.0,1.0,1.0,0.0
0.40788898468017576,0.019350009248032287,0.03429832458496094,0.0034949393136571535,,10,sqrt,1,2,200,"{'model__class_weight': None, 'model__max_depth': 10, 'model__max_features': 'sqrt', 'model__min_samples_leaf': 1, 'model__min_samples_split': 2, 'model__n_estimators': 200}",0.9459459459459459,0.9315068493150684,0.9230769230769231,0.9367088607594937,0.9620253164556962,0.9398527791106256,0.013339536774686472,42,1.0,1.0,1.0,1.0,1.0,1.0,0.0
0.21035466194152833,0.01096368372314478,0.026977682113647462,0.01547125113501265,,10,sqrt,1,5,100,"{'model__class_weight': None, 'model__max_depth': 10, 'model__max_features': 'sqrt', 'model__min_samples_leaf': 1, 'model__min_samples_split': 5, 'model__n_estimators': 100}",0.9459459459459459,0.9459459459459459,0.9230769230769231,0.925,0.9743589743589743,0.9428655578655579,0.01855575969086122,35,0.987012987012987,0.987012987012987,0.987012987012987,0.987012987012987,0.9838187702265372,0.9863741436556971,0.0012776867145799287
0.4114248752593994,0.02315372756424724,0.03114805221557617,0.000635898717420279,,10,sqrt,1,5,200,"{'model__class_weight': None, 'model__max_depth': 10, 'model__max_features': 'sqrt', 'model__min_samples_leaf': 1, 'model__min_samples_split': 5, 'model__n_estimators': 200}",0.9459459459459459,0.9315068493150684,0.9230769230769231,0.925,0.9620253164556962,0.9375110069587267,0.014649351845521833,69,0.9838187702265372,0.987012987012987,0.987012987012987,0.9838187702265372,0.9838187702265372,0.9850964569411171,0.0015648402509269366
0.21382346153259277,0.01456581065147201,0.02260441780090332,0.004352446580159414,,10,sqrt,2,2,100,"{'model__class_weight': None, 'model__max_depth': 10, 'model__max_features': 'sqrt', 'model__min_samples_leaf': 2, 'model__min_samples_split': 2, 'model__n_estimators': 100}",0.9473684210526315,0.9459459459459459,0.9367088607594937,0.925,0.9743589743589743,0.9458764404234092,0.016330069554369,18,0.9806451612903225,0.987012987012987,0.987012987012987,0.9838187702265372,0.9838187702265372,0.9844617351538743,0.0023837288414905677
0.4049478054046631,0.021467842444450515,0.03192739486694336,0.0010362134603619743,,10,sqrt,2,2,200,"{'model__class_weight': None, 'model__max_depth': 10, 'model__max_features': 'sqrt', 'model__min_samples_leaf': 2, 'model__min_samples_split': 2, 'model__n_estimators': 200}",0.9473684210526315,0.9315068493150684,0.9230769230769231,0.95,0.9743589743589743,0.9452622335607195,0.017634632849441674,23,0.9806451612903225,0.987012987012987,0.987012987012987,0.9838187702265372,0.9838187702265372,0.9844617351538743,0.0023837288414905677
0.21230411529541016,0.010602338819838101,0.02049674987792969,0.0012112881250094984,,10,sqrt,2,5,100,"{'model__class_weight': None, 'model__max_depth': 10, 'model__max_features': 'sqrt', 'model__min_samples_leaf': 2, 'model__min_samples_split': 5, 'model__n_estimators': 100}",0.9473684210526315,0.9459459459459459,0.9230769230769231,0.925,0.9743589743589743,0.943150052886895,0.01861162748173748,33,0.9773462783171522,0.987012987012987,0.9806451612903225,0.9838187702265372,0.9806451612903225,0.9818936716274642,0.003277491012197388
0.4088273048400879,0.015047627776971932,0.03488035202026367,0.003395849548005364,,10,sqrt,2,5,200,"{'model__class_weight': None, 'model__max_depth': 10, 'model__max_features': 'sqrt', 'model__min_samples_leaf': 2, 'model__min_samples_split': 5, 'model__n_estimators': 200}",0.9473684210526315,0.9315068493150684,0.9230769230769231,0.95,0.9743589743589743,0.9452622335607195,0.017634632849441674,23,0.9806451612903225,0.987012987012987,0.987012987012987,0.9806451612903225,0.977491961414791,0.9825616516042821,0.0038125163004505093
0.22717647552490233,0.02231898121395295,0.022718477249145507,0.009033130922544447,,10,,1,2,100,"{'model__class_weight': None, 'model__max_depth': 10, 'model__max_features': None, 'model__min_samples_leaf': 1, 'model__min_samples_split': 2, 'model__n_estimators': 100}",0.9315068493150684,0.9459459459459459,0.935064935064935,0.9230769230769231,0.9620253164556962,0.9395239939717136,0.013432906881873987,44,1.0,1.0,1.0,1.0,1.0,1.0,0.0
0.4445174217224121,0.015820819632081946,0.03324990272521973,0.0019507932492736062,,10,,1,2,200,"{'model__class_weight': None, 'model__max_depth': 10, 'model__max_features': None, 'model__min_samples_leaf': 1, 'model__min_samples_split': 2, 'model__n_estimators': 200}",0.9315068493150684,0.9459459459459459,0.935064935064935,0.9230769230769231,0.9620253164556962,0.9395239939717136,0.013432906881873987,44,1.0,1.0,1.0,1.0,1.0,1.0,0.0
0.2342860221862793,0.020251688578756328,0.020960378646850585,0.0017246092941932624,,10,,1,5,100,"{'model__class_weight': None, 'model__max_depth': 10, 'model__max_features': None, 'model__min_samples_leaf': 1, 'model__min_samples_split': 5, 'model__n_estimators': 100}",0.9315068493150684,0.9459459459459459,0.935064935064935,0.9230769230769231,0.9620253164556962,0.9395239939717136,0.013432906881873987,44,0.990228013029316,0.990228013029316,0.990228013029316,0.9934640522875817,0.990228013029316,0.9908752208809691,0.0012944157033063064
0.4442396640777588,0.015333036136223738,0.030374908447265626,0.0003768869618788991,,10,,1,5,200,"{'model__class_weight': None, 'model__max_depth': 10, 'model__max_features': None, 'model__min_samples_leaf': 1, 'model__min_samples_split': 5, 'model__n_estimators': 200}",0.9315068493150684,0.9459459459459459,0.935064935064935,0.9230769230769231,0.9620253164556962,0.9395239939717136,0.013432906881873987,44,0.987012987012987,0.990228013029316,0.990228013029316,0.9934640522875817,0.9869281045751634,0.9895722339868728,0.002430946622612609
0.22331957817077636,0.007604480804501238,0.02682175636291504,0.00755074725311885,,10,,2,2,100,"{'model__class_weight': None, 'model__max_depth': 10, 'model__max_features': None, 'model__min_samples_leaf': 2, 'model__min_samples_split': 2, 'model__n_estimators': 100}",0.9315068493150684,0.9166666666666666,0.9230769230769231,0.9230769230769231,0.9620253164556962,0.9312705357182555,0.0160838798169624,93,0.987012987012987,0.990228013029316,0.987012987012987,0.9934640522875817,0.9869281045751634,0.9889292287836071,0.002592293497027676
0.43950748443603516,0.020677068622587086,0.03812861442565918,0.011887121264543788,,10,,2,2,200,"{'model__class_weight': None, 'model__max_depth': 10, 'model__max_features': None, 'model__min_samples_leaf': 2, 'model__min_samples_split': 2, 'model__n_estimators': 200}",0.9315068493150684,0.9459459459459459,0.935064935064935,0.9230769230769231,0.9620253164556962,0.9395239939717136,0.013432906881873987,44,0.987012987012987,0.990228013029316,0.9869281045751634,0.9934640522875817,0.9869281045751634,0.9889122522960424,0.002605033682782613
0.2261672019958496,0.01005263731033859,0.02031397819519043,0.001477585135982478,,10,,2,5,100,"{'model__class_weight': None, 'model__max_depth': 10, 'model__max_features': None, 'model__min_samples_leaf': 2, 'model__min_samples_split': 5, 'model__n_estimators': 100}",0.9315068493150684,0.9315068493150684,0.9230769230769231,0.9230769230769231,0.9620253164556962,0.9342385722479358,0.014395781315822701,80,0.987012987012987,0.990228013029316,0.9805194805194806,0.9837133550488599,0.9773462783171522,0.9837640227855591,0.0045619295088848155
0.44654226303100586,0.012155358396912886,0.03437685966491699,0.006046244819624041,,10,,2,5,200,"{'model__class_weight': None, 'model__max_depth': 10, 'model__max_features': None, 'model__min_samples_leaf': 2, 'model__min_samples_split': 5, 'model__n_estimators': 200}",0.9315068493150684,0.9459459459459459,0.935064935064935,0.9230769230769231,0.9620253164556962,0.9395239939717136,0.013432906881873987,44,0.9838187702265372,0.990228013029316,0.9869281045751634,0.987012987012987,0.9805194805194806,0.9857014710726968,0.003289737815261115
0.23432517051696777,0.011496690154282339,0.02061300277709961,0.000807487473182259,balanced,,sqrt,1,2,100,"{'model__class_weight': 'balanced', 'model__max_depth': None, 'model__max_features': 'sqrt', 'model__min_samples_leaf': 1, 'model__min_samples_split': 2, 'model__n_estimators': 100}",0.9473684210526315,0.9315068493150684,0.9230769230769231,0.926829268292683,0.9620253164556962,0.9381613556386004,0.014522378890191173,64,0.9967213114754099,1.0,1.0,0.9967213114754099,0.9934640522875817,0.9973813350476803,0.0024466785125751944
0.43709492683410645,0.012438455040121059,0.03153104782104492,0.0009688392869704337,balanced,,sqrt,1,2,200,"{'model__class_weight': 'balanced', 'model__max_depth': None, 'model__max_features': 'sqrt', 'model__min_samples_leaf': 1, 'model__min_samples_split': 2, 'model__n_estimators': 200}",0.9333333333333333,0.9315068493150684,0.9230769230769231,0.9135802469135802,0.9620253164556962,0.9327045338189203,0.016247875982234327,84,1.0,1.0,1.0,1.0,1.0,1.0,0.0
0.23799262046813965,0.015857004516780807,0.019345664978027345,0.0008618819116712584,balanced,,sqrt,1,5,100,"{'model__class_weight': 'balanced', 'model__max_depth': None, 'model__max_features': 'sqrt', 'model__min_samples_leaf': 1, 'model__min_samples_split': 5, 'model__n_estimators': 100}",0.9333333333333333,0.9459459459459459,0.9367088607594937,0.926829268292683,0.9620253164556962,0.9409685449574304,0.012202644444085267,37,0.977491961414791,0.977491961414791,0.9806451612903225,0.9743589743589743,0.9743589743589743,0.9768694065675707,0.002351000321135399
0.4498948097229004,0.01942275289633027,0.033696556091308595,0.0012936161886894233,balanced,,sqrt,1,5,200,"{'model__class_weight': 'balanced', 'model__max_depth': None, 'model__max_features': 'sqrt', 'model__min_samples_leaf': 1, 'model__min_samples_split': 5, 'model__n_estimators': 200}",0.9333333333333333,0.9459459459459459,0.95,0.926829268292683,0.9620253164556962,0.9436267728055316,0.012430720424830753,31,0.9806451612903225,0.977491961414791,0.9806451612903225,0.9743589743589743,0.9743589743589743,0.977500046542677,0.0028112711661264188
0.2476938247680664,0.019522955502384334,0.020549488067626954,0.0018956125601109126,balanced,,sqrt,2,2,100,"{'model__class_weight': 'balanced', 'model__max_depth': None, 'model__max_features': 'sqrt', 'model__min_samples_leaf': 2, 'model__min_samples_split': 2, 'model__n_estimators': 100}",0.9473684210526315,0.9459459459459459,0.9367088607594937,0.926829268292683,0.9620253164556962,0.9437755625012901,0.011728494167414037,27,0.9743589743589743,0.9743589743589743,0.977491961414791,0.9743589743589743,0.9743589743589743,0.9749855717701378,0.0012531948223266642
0.4450354099273682,0.011312538665045772,0.03465266227722168,0.004882421336766815,balanced,,sqrt,2,2,200,"{'model__class_weight': 'balanced', 'model__max_depth': None, 'model__max_features': 'sqrt', 'model__min_samples_leaf': 2, 'model__min_samples_split': 2, 'model__n_estimators': 200}",0.9473684210526315,0.9459459459459459,0.9367088607594937,0.926829268292683,0.9620253164556962,0.9437755625012901,0.011728494167414037,27,0.9743589743589743,0.9712460063897763,0.977491961414791,0.9743589743589743,0.9743589743589743,0.974362978176298,0.0019751504912994245
0.22053170204162598,0.00400498227590542,0.022302770614624025,0.005828311808265454,balanced,,sqrt,2,5,100,"{'model__class_weight': 'balanced', 'model__max_depth': None, 'model__max_features': 'sqrt', 'model__min_samples_leaf': 2, 'model__min_samples_split': 5, 'model__n_estimators': 100}",0.9473684210526315,0.9315068493150684,0.9367088607594937,0.926829268292683,0.9620253164556962,0.9408877431751146,0.012584920610167503,39,0.9743589743589743,0.9743589743589743,0.977491961414791,0.9743589743589743,0.9712460063897763,0.9743629781762981,0.0019751504912994245
0.43627133369445803,0.018870235933537958,0.035867929458618164,0.0073748773618204175,balanced,,sqrt,2,5,200,"{'model__class_weight': 'balanced', 'model__max_depth': None, 'model__max_features': 'sqrt', 'model__min_samples_leaf': 2, 'model__min_samples_split': 5, 'model__n_estimators': 200}",0.9473684210526315,0.9459459459459459,0.95,0.926829268292683,0.9620253164556962,0.9464337903493913,0.011324860700079783,12,0.9743589743589743,0.9712460063897763,0.977491961414791,0.9743589743589743,0.9712460063897763,0.9737403845824584,0.0023359572122952357
0.2473761558532715,0.01454942699707715,0.019295740127563476,0.00048130192015272816,balanced,,,1,2,100,"{'model__class_weight': 'balanced', 'model__max_depth': None, 'model__max_features': None, 'model__min_samples_leaf': 1, 'model__min_samples_split': 2, 'model__n_estimators': 100}",0.9315068493150684,0.9459459459459459,0.9230769230769231,0.8860759493670886,0.9620253164556962,0.9297261968321445,0.02553053488773241,95,0.9934640522875817,0.9967213114754099,1.0,0.9967213114754099,0.9934640522875817,0.9960741455051967,0.0024443876251384767
0.4883622646331787,0.044791386594898376,0.04233288764953613,0.012861101392754041,balanced,,,1,2,200,"{'model__class_weight': 'balanced', 'model__max_depth': None, 'model__max_features': None, 'model__min_samples_leaf': 1, 'model__min_samples_split': 2, 'model__n_estimators': 200}",0.9315068493150684,0.9459459459459459,0.9230769230769231,0.9,0.9620253164556962,0.9325110069587268,0.020969348561201452,89,0.9967213114754099,1.0,0.9967213114754099,0.9967213114754099,1.0,0.9980327868852459,0.0016062227821528837
0.30884413719177245,0.03217623197097895,0.021146392822265624,0.003272780443534387,balanced,,,1,5,100,"{'model__class_weight': 'balanced', 'model__max_depth': None, 'model__max_features': None, 'model__min_samples_leaf': 1, 'model__min_samples_split': 5, 'model__n_estimators': 100}",0.9315068493150684,0.96,0.9230769230769231,0.9,0.9620253164556962,0.9353218177695375,0.02338466061831053,73,0.9806451612903225,0.977491961414791,0.9838187702265372,0.977491961414791,0.977491961414791,0.9793879631522465,0.002529706158954793
0.48066911697387693,0.03040495625107325,0.031322050094604495,0.000990678185813522,balanced,,,1,5,200,"{'model__class_weight': 'balanced', 'model__max_depth': None, 'model__max_features': None, 'model__min_samples_leaf': 1, 'model__min_samples_split': 5, 'model__n_estimators': 200}",0.9315068493150684,0.9473684210526315,0.9230769230769231,0.9,0.9620253164556962,0.9327955019800639,0.021158489437043643,82,0.9806451612903225,0.977491961414791,0.9838187702265372,0.9806451612903225,0.977491961414791,0.9800186031273528,0.002366189211885049
0.2560109615325928,0.0080654780402014,0.01959967613220215,0.0010444857977892975,balanced,,,2,2,100,"{'model__class_weight': 'balanced', 'model__max_depth': None, 'model__max_features': None, 'model__min_samples_leaf': 2, 'model__min_samples_split': 2, 'model__n_estimators': 100}",0.9315068493150684,0.9459459459459459,0.9230769230769231,0.9,0.9620253164556962,0.9325110069587268,0.020969348561201452,89,0.9806451612903225,0.977491961414791,0.9806451612903225,0.977491961414791,0.977491961414791,0.9787532413650035,0.001544746150411936
0.47852702140808107,0.03009533999732662,0.03281502723693848,0.002663198897206336,balanced,,,2,2,200,"{'model__class_weight': 'balanced', 'model__max_depth': None, 'model__max_features': None, 'model__min_samples_leaf': 2, 'model__min_samples_split': 2, 'model__n_estimators': 200}",0.9315068493150684,0.9459459459459459,0.9230769230769231,0.9135802469135802,0.9620253164556962,0.9352270563414429,0.01710608883746127,78,0.9806451612903225,0.9806451612903225,0.9838187702265372,0.977491961414791,0.9743589743589743,0.9793920057161895,0.0032149219214787526
0.2507600784301758,0.022270604077734176,0.02067985534667969,0.0017060551141960196,balanced,,,2,5,100,"{'model__class_weight': 'balanced', 'model__max_depth': None, 'model__max_features': None, 'model__min_samples_leaf': 2, 'model__min_samples_split': 5, 'model__n_estimators': 100}",0.9315068493150684,0.9459459459459459,0.9367088607594937,0.9,0.9620253164556962,0.9352373944952408,0.02044515584803997,76,0.9806451612903225,0.9743589743589743,0.9806451612903225,0.9743589743589743,0.9743589743589743,0.9768734491315136,0.0030795900819110115
0.47342743873596194,0.021116738934541527,0.03790545463562012,0.013272479858428905,balanced,,,2,5,200,"{'model__class_weight': 'balanced', 'model__max_depth': None, 'model__max_features': None, 'model__min_samples_leaf': 2, 'model__min_samples_split': 5, 'model__n_estimators': 200}",0.9315068493150684,0.9333333333333333,0.9230769230769231,0.9135802469135802,0.9620253164556962,0.9327045338189203,0.016247875982234327,84,0.9806451612903225,0.9712460063897763,0.9806451612903225,0.9743589743589743,0.9743589743589743,0.9762508555376741,0.0037636894100700744
0.23246612548828124,0.0036532038343713765,0.02489495277404785,0.010444694259895311,balanced,5,sqrt,1,2,100,"{'model__class_weight': 'balanced', 'model__max_depth': 5, 'model__max_features': 'sqrt', 'model__min_samples_leaf': 1, 'model__min_samples_split': 2, 'model__n_estimators': 100}",0.96,0.96,0.9367088607594937,0.926829268292683,0.9620253164556962,0.9491126891015746,0.01452039133680844,5,0.977491961414791,0.9681528662420382,0.9743589743589743,0.9743589743589743,0.9712460063897763,0.9731217565529109,0.003173906612679872
0.44086613655090334,0.022411547804293035,0.034214019775390625,0.0023136059705090766,balanced,5,sqrt,1,2,200,"{'model__class_weight': 'balanced', 'model__max_depth': 5, 'model__max_features': 'sqrt', 'model__min_samples_leaf': 1, 'model__min_samples_split': 2, 'model__n_estimators': 200}",0.9459459459459459,0.96,0.95,0.926829268292683,0.9620253164556962,0.948960106138865,0.012589833213932304,6,0.977491961414791,0.9712460063897763,0.977491961414791,0.9743589743589743,0.9712460063897763,0.9743669819936219,0.002793278873556021
0.23277664184570312,0.016963510196284212,0.02071657180786133,0.0023822048521777886,balanced,5,sqrt,1,5,100,"{'model__class_weight': 'balanced', 'model__max_depth': 5, 'model__max_features': 'sqrt', 'model__min_samples_leaf': 1, 'model__min_samples_split': 5, 'model__n_estimators': 100}",0.9473684210526315,0.9459459459459459,0.95,0.926829268292683,0.9620253164556962,0.9464337903493913,0.011324860700079783,12,0.9743589743589743,0.9681528662420382,0.9743589743589743,0.9743589743589743,0.9712460063897763,0.9724951591417476,0.0024834376060824145
0.44165945053100586,0.021547633370779536,0.03560285568237305,0.002459813078492392,balanced,5,sqrt,1,5,200,"{'model__class_weight': 'balanced', 'model__max_depth': 5, 'model__max_features': 'sqrt', 'model__min_samples_leaf': 1, 'model__min_samples_split': 5, 'model__n_estimators': 200}",0.9473684210526315,0.96,0.95,0.926829268292683,0.9620253164556962,0.949244601160202,0.012534457422900264,3,0.9712460063897763,0.9681528662420382,0.9743589743589743,0.9743589743589743,0.9712460063897763,0.971872565547908,0.002323177704561668
0.22501959800720214,0.006375741438839999,0.022374916076660156,0.004375393708736319,balanced,5,sqrt,2,2,100,"{'model__class_weight': 'balanced', 'model__max_depth': 5, 'model__max_features': 'sqrt', 'model__min_samples_leaf': 2, 'model__min_samples_split': 2, 'model__n_estimators': 100}",0.9473684210526315,0.96,0.95,0.926829268292683,0.9620253164556962,0.949244601160202,0.012534457422900264,3,0.9743589743589743,0.9681528662420382,0.977491961414791,0.9743589743589743,0.9712460063897763,0.9731217565529109,0.003173906612679872
0.47710504531860354,0.014883083141388826,0.0396153450012207,0.01629814526184191,balanced,5,sqrt,2,2,200,"{'model__class_weight': 'balanced', 'model__max_depth': 5, 'model__max_features': 'sqrt', 'model__min_samples_leaf': 2, 'model__min_samples_split': 2, 'model__n_estimators': 200}",0.9473684210526315,0.9736842105263158,0.95,0.926829268292683,0.9620253164556962,0.9519814432654652,0.01568264960172163,1,0.9712460063897763,0.9650793650793651,0.977491961414791,0.9743589743589743,0.9712460063897763,0.9718844627265366,0.004115625258287795
0.22586555480957032,0.015615307816875337,0.021477746963500976,0.002311689647055719,balanced,5,sqrt,2,5,100,"{'model__class_weight': 'balanced', 'model__max_depth': 5, 'model__max_features': 'sqrt', 'model__min_samples_leaf': 2, 'model__min_samples_split': 5, 'model__n_estimators': 100}",0.9473684210526315,0.9459459459459459,0.95,0.926829268292683,0.9620253164556962,0.9464337903493913,0.011324860700079783,12,0.9712460063897763,0.9681528662420382,0.977491961414791,0.9743589743589743,0.9712460063897763,0.9724991629590714,0.0031754695019626045
0.495755672454834,0.029747505602639522,0.03800182342529297,0.0035612342678769233,balanced,5,sqrt,2,5,200,"{'model__class_weight': 'balanced', 'model__max_depth': 5, 'model__max_features': 'sqrt', 'model__min_samples_leaf': 2, 'model__min_samples_split': 5, 'model__n_estimators': 200}",0.9473684210526315,0.9736842105263158,0.95,0.926829268292683,0.9620253164556962,0.9519814432654652,0.01568264960172163,1,0.9712460063897763,0.9650793650793651,0.977491961414791,0.9743589743589743,0.9712460063897763,0.9718844627265366,0.004115625258287795
0.30535249710083007,0.015740724646087393,0.024140453338623045,0.004438643389933608,balanced,5,,1,2,100,"{'model__class_weight': 'balanced', 'model__max_depth': 5, 'model__max_features': None, 'model__min_samples_leaf': 1, 'model__min_samples_split': 2, 'model__n_estimators': 100}",0.9315068493150684,0.96,0.9230769230769231,0.8860759493670886,0.9620253164556962,0.9325370076429552,0.02783149535375039,88,0.9806451612903225,0.9712460063897763,0.9838187702265372,0.9743589743589743,0.9743589743589743,0.976885577324917,0.004621165239017427
0.5018351554870606,0.03973531756623255,0.03668851852416992,0.007329310881897522,balanced,5,,1,2,200,"{'model__class_weight': 'balanced', 'model__max_depth': 5, 'model__max_features': None, 'model__min_samples_leaf': 1, 'model__min_samples_split': 2, 'model__n_estimators': 200}",0.9315068493150684,0.96,0.9367088607594937,0.9135802469135802,0.9620253164556962,0.9407642546887678,0.018238216459027932,41,0.9806451612903225,0.9743589743589743,0.9838187702265372,0.9743589743589743,0.9743589743589743,0.9775081709187565,0.0039853905487691275
0.2868143081665039,0.026061699442718633,0.023399782180786134,0.005077226108637528,balanced,5,,1,5,100,"{'model__class_weight': 'balanced', 'model__max_depth': 5, 'model__max_features': None, 'model__min_samples_leaf': 1, 'model__min_samples_split': 5, 'model__n_estimators': 100}",0.9315068493150684,0.96,0.9230769230769231,0.9,0.9620253164556962,0.9353218177695375,0.02338466061831053,73,0.9806451612903225,0.9712460063897763,0.9806451612903225,0.9743589743589743,0.9743589743589743,0.9762508555376741,0.0037636894100700744
0.5655065536499023,0.013078035660690037,0.049373817443847653,0.021708092719947305,balanced,5,,1,5,200,"{'model__class_weight': 'balanced', 'model__max_depth': 5, 'model__max_features': None, 'model__min_samples_leaf': 1, 'model__min_samples_split': 5, 'model__n_estimators': 200}",0.9315068493150684,0.9473684210526315,0.9367088607594937,0.9135802469135802,0.9620253164556962,0.9382379388992941,0.016154581123471217,62,0.9806451612903225,0.9712460063897763,0.9838187702265372,0.9743589743589743,0.9743589743589743,0.976885577324917,0.004621165239017427
0.25786590576171875,0.003632051221328269,0.02118229866027832,0.003483422914766541,balanced,5,,2,2,100,"{'model__class_weight': 'balanced', 'model__max_depth': 5, 'model__max_features': None, 'model__min_samples_leaf': 2, 'model__min_samples_split': 2, 'model__n_estimators': 100}",0.9315068493150684,0.96,0.9367088607594937,0.9,0.9620253164556962,0.9380482053060517,0.022578893942770045,66,0.9806451612903225,0.9712460063897763,0.9806451612903225,0.9743589743589743,0.9712460063897763,0.9756282619438345,0.004251069902055523
0.4675122261047363,0.00948214640661366,0.03324623107910156,0.0017108068091606235,balanced,5,,2,2,200,"{'model__class_weight': 'balanced', 'model__max_depth': 5, 'model__max_features': None, 'model__min_samples_leaf': 2, 'model__min_samples_split': 2, 'model__n_estimators': 200}",0.9315068493150684,0.96,0.9230769230769231,0.9135802469135802,0.9620253164556962,0.9380378671522536,0.019608121953217515,68,0.9806451612903225,0.9712460063897763,0.9806451612903225,0.9743589743589743,0.9712460063897763,0.9756282619438345,0.004251069902055523
0.24954099655151368,0.014967331982202724,0.018615341186523436,0.00016831207506665615,balanced,5,,2,5,100,"{'model__class_weight': 'balanced', 'model__max_depth': 5, 'model__max_features': None, 'model__min_samples_leaf': 2, 'model__min_samples_split': 5, 'model__n_estimators': 100}",0.9315068493150684,0.96,0.9367088607594937,0.9,0.9620253164556962,0.9380482053060517,0.022578893942770045,66,0.9806451612903225,0.9712460063897763,0.9806451612903225,0.9743589743589743,0.9712460063897763,0.9756282619438345,0.004251069902055523
0.4764852046966553,0.014218989941352247,0.049360227584838864,0.02641540721551194,balanced,5,,2,5,200,"{'model__class_weight': 'balanced', 'model__max_depth': 5, 'model__max_features': None, 'model__min_samples_leaf': 2, 'model__min_samples_split': 5, 'model__n_estimators': 200}",0.9315068493150684,0.9473684210526315,0.9367088607594937,0.9135802469135802,0.9620253164556962,0.9382379388992941,0.016154581123471217,62,0.9806451612903225,0.9712460063897763,0.9806451612903225,0.9712460063897763,0.9712460063897763,0.9750056683499949,0.004604626703943638
0.279525899887085,0.06387601163501117,0.02972254753112793,0.012727757497063076,balanced,10,sqrt,1,2,100,"{'model__class_weight': 'balanced', 'model__max_depth': 10, 'model__max_features': 'sqrt', 'model__min_samples_leaf': 1, 'model__min_samples_split': 2, 'model__n_estimators': 100}",0.9473684210526315,0.9315068493150684,0.9230769230769231,0.926829268292683,0.9620253164556962,0.9381613556386004,0.014522378890191173,64,0.9934640522875817,0.9967213114754099,1.0,0.9967213114754099,0.9934640522875817,0.9960741455051967,0.0024443876251384767
0.46465554237365725,0.025865168478659217,0.03363194465637207,0.0014292389979916743,balanced,10,sqrt,1,2,200,"{'model__class_weight': 'balanced', 'model__max_depth': 10, 'model__max_features': 'sqrt', 'model__min_samples_leaf': 1, 'model__min_samples_split': 2, 'model__n_estimators': 200}",0.9333333333333333,0.9315068493150684,0.9230769230769231,0.9135802469135802,0.9620253164556962,0.9327045338189203,0.016247875982234327,84,1.0,1.0,1.0,0.9967213114754099,1.0,0.999344262295082,0.0013114754098360493
0.23291277885437012,0.01505920394322596,0.02124958038330078,0.0009724371474816643,balanced,10,sqrt,1,5,100,"{'model__class_weight': 'balanced', 'model__max_depth': 10, 'model__max_features': 'sqrt', 'model__min_samples_leaf': 1, 'model__min_samples_split': 5, 'model__n_estimators': 100}",0.9333333333333333,0.9459459459459459,0.9367088607594937,0.926829268292683,0.9620253164556962,0.9409685449574304,0.012202644444085267,37,0.977491961414791,0.977491961414791,0.9806451612903225,0.9743589743589743,0.9743589743589743,0.9768694065675707,0.002351000321135399
0.4611769676208496,0.016604568551224237,0.0352574348449707,0.002114394177687875,balanced,10,sqrt,1,5,200,"{'model__class_weight': 'balanced', 'model__max_depth': 10, 'model__max_features': 'sqrt', 'model__min_samples_leaf': 1, 'model__min_samples_split': 5, 'model__n_estimators': 200}",0.9333333333333333,0.9459459459459459,0.95,0.926829268292683,0.9620253164556962,0.9436267728055316,0.012430720424830753,31,0.9806451612903225,0.977491961414791,0.9806451612903225,0.9743589743589743,0.9743589743589743,0.977500046542677,0.0028112711661264188
0.2364800453186035,0.014099589062595414,0.02167825698852539,0.001027960557852087,balanced,10,sqrt,2,2,100,"{'model__class_weight': 'balanced', 'model__max_depth': 10, 'model__max_features': 'sqrt', 'model__min_samples_leaf': 2, 'model__min_samples_split': 2, 'model__n_estimators': 100}",0.9473684210526315,0.9459459459459459,0.9367088607594937,0.926829268292683,0.9620253164556962,0.9437755625012901,0.011728494167414037,27,0.9743589743589743,0.9743589743589743,0.977491961414791,0.9743589743589743,0.9743589743589743,0.9749855717701378,0.0012531948223266642
0.44984922409057615,0.008941793635916734,0.03465008735656738,0.0030788243968478445,balanced,10,sqrt,2,2,200,"{'model__class_weight': 'balanced', 'model__max_depth': 10, 'model__max_features': 'sqrt', 'model__min_samples_leaf': 2, 'model__min_samples_split': 2, 'model__n_estimators': 200}",0.9473684210526315,0.9459459459459459,0.9367088607594937,0.926829268292683,0.9620253164556962,0.9437755625012901,0.011728494167414037,27,0.9743589743589743,0.9712460063897763,0.977491961414791,0.9743589743589743,0.9743589743589743,0.974362978176298,0.0019751504912994245
0.24429564476013182,0.009896716651482954,0.02138075828552246,0.0024860387430502163,balanced,10,sqrt,2,5,100,"{'model__class_weight': 'balanced', 'model__max_depth': 10, 'model__max_features': 'sqrt', 'model__min_samples_leaf': 2, 'model__min_samples_split': 5, 'model__n_estimators': 100}",0.9473684210526315,0.9315068493150684,0.9367088607594937,0.926829268292683,0.9620253164556962,0.9408877431751146,0.012584920610167503,39,0.9743589743589743,0.9743589743589743,0.977491961414791,0.9743589743589743,0.9712460063897763,0.9743629781762981,0.0019751504912994245
0.48010978698730467,0.012554480139818497,0.03433375358581543,0.001956217577502048,balanced,10,sqrt,2,5,200,"{'model__class_weight': 'balanced', 'model__max_depth': 10, 'model__max_features': 'sqrt', 'model__min_samples_leaf': 2, 'model__min_samples_split': 5, 'model__n_estimators': 200}",0.9473684210526315,0.9459459459459459,0.95,0.926829268292683,0.9620253164556962,0.9464337903493913,0.011324860700079783,12,0.9743589743589743,0.9712460063897763,0.977491961414791,0.9743589743589743,0.9712460063897763,0.9737403845824584,0.0023359572122952357
0.2550900936126709,0.010322898590946298,0.0244199275970459,0.005387270934995082,balanced,10,,1,2,100,"{'model__class_weight': 'balanced', 'model__max_depth': 10, 'model__max_features': None, 'model__min_samples_leaf': 1, 'model__min_samples_split': 2, 'model__n_estimators': 100}",0.9315068493150684,0.9459459459459459,0.9230769230769231,0.8860759493670886,0.9620253164556962,0.9297261968321445,0.02553053488773241,95,0.9934640522875817,0.9967213114754099,1.0,0.9967213114754099,0.9934640522875817,0.9960741455051967,0.0024443876251384767
0.4816731452941895,0.019191346624957948,0.03221836090087891,0.0010143262342908862,balanced,10,,1,2,200,"{'model__class_weight': 'balanced', 'model__max_depth': 10, 'model__max_features': None, 'model__min_samples_leaf': 1, 'model__min_samples_split': 2, 'model__n_estimators': 200}",0.9315068493150684,0.9459459459459459,0.9230769230769231,0.9,0.9620253164556962,0.9325110069587268,0.020969348561201452,89,0.9967213114754099,1.0,0.9967213114754099,0.9967213114754099,1.0,0.9980327868852459,0.0016062227821528837
0.2596433639526367,0.010095829799726116,0.020985221862792967,0.00248817659387813,balanced,10,,1,5,100,"{'model__class_weight': 'balanced', 'model__max_depth': 10, 'model__max_features': None, 'model__min_samples_leaf': 1, 'model__min_samples_split': 5, 'model__n_estimators': 100}",0.9315068493150684,0.96,0.9230769230769231,0.9,0.9620253164556962,0.9353218177695375,0.02338466061831053,73,0.9806451612903225,0.977491961414791,0.9838187702265372,0.977491961414791,0.977491961414791,0.9793879631522465,0.002529706158954793
0.4848631381988525,0.01614536766220124,0.033843708038330075,0.002142063146079687,balanced,10,,1,5,200,"{'model__class_weight': 'balanced', 'model__max_depth': 10, 'model__max_features': None, 'model__min_samples_leaf': 1, 'model__min_samples_split': 5, 'model__n_estimators': 200}",0.9315068493150684,0.9473684210526315,0.9230769230769231,0.9,0.9620253164556962,0.9327955019800639,0.021158489437043643,82,0.9806451612903225,0.977491961414791,0.9838187702265372,0.9806451612903225,0.977491961414791,0.9800186031273528,0.002366189211885049
0.2503159523010254,0.009413520495496054,0.020979976654052733,0.0012623873381301706,balanced,10,,2,2,100,"{'model__class_weight': 'balanced', 'model__max_depth': 10, 'model__max_features': None, 'model__min_samples_leaf': 2, 'model__min_samples_split': 2, 'model__n_estimators': 100}",0.9315068493150684,0.9459459459459459,0.9230769230769231,0.9,0.9620253164556962,0.9325110069587268,0.020969348561201452,89,0.9806451612903225,0.977491961414791,0.9806451612903225,0.9743589743589743,0.977491961414791,0.9781266439538403,0.002353161157895849
0.4803346633911133,0.01636296774518348,0.035365629196166995,0.003938285394461351,balanced,10,,2,2,200,"{'model__class_weight': 'balanced', 'model__max_depth': 10, 'model__max_features': None, 'model__min_samples_leaf': 2, 'model__min_samples_split': 2, 'model__n_estimators': 200}",0.9315068493150684,0.9459459459459459,0.9230769230769231,0.9135802469135802,0.9620253164556962,0.9352270563414429,0.01710608883746127,78,0.9806451612903225,0.9806451612903225,0.9838187702265372,0.977491961414791,0.9743589743589743,0.9793920057161895,0.0032149219214787526
0.2543839454650879,0.002369486814425196,0.020075178146362303,0.0014036775351589136,balanced,10,,2,5,100,"{'model__class_weight': 'balanced', 'model__max_depth': 10, 'model__max_features': None, 'model__min_samples_leaf': 2, 'model__min_samples_split': 5, 'model__n_estimators': 100}",0.9315068493150684,0.9459459459459459,0.9367088607594937,0.9,0.9620253164556962,0.9352373944952408,0.02044515584803997,76,0.9806451612903225,0.9743589743589743,0.9806451612903225,0.9743589743589743,0.9743589743589743,0.9768734491315136,0.0030795900819110115
0.4563447952270508,0.024562315461861592,0.031617164611816406,0.002802821477553558,balanced,10,,2,5,200,"{'model__class_weight': 'balanced', 'model__max_depth': 10, 'model__max_features': None, 'model__min_samples_leaf': 2, 'model__min_samples_split': 5, 'model__n_estimators': 200}",0.9315068493150684,0.9333333333333333,0.9230769230769231,0.9135802469135802,0.9620253164556962,0.9327045338189203,0.016247875982234327,84,0.9806451612903225,0.9712460063897763,0.9806451612903225,0.9743589743589743,0.9743589743589743,0.9762508555376741,0.0037636894100700744
