,Before_Mean,Before_Std,After_Mean,After_Std
Clump_Thickness,4.417739628040057,2.8157406585949314,-5.082566064092276e-17,1.0007160759958074
Uniformity_Cell_Size,3.13447782546495,3.051459109954201,-9.148618915366097e-17,1.0007160759958074
Uniformity_Cell_Shape,3.207439198855508,2.9719127672157133,-3.0495396384553656e-17,1.0007160759958076
Marginal_Adhesion,2.8068669527896994,2.855379239217024,5.082566064092276e-17,1.0007160759958076
Single_Epithelial_Cell_Size,3.216022889842632,2.214299886649048,5.082566064092276e-17,1.0007160759958076
Bare_Nuclei,3.5446559297218156,3.643857160492915,0.0,1.0007328692812203
Bland_Chromatin,3.4377682403433476,2.438364252324251,3.0495396384553656e-17,1.0007160759958076
Normal_Nucleoli,2.866952789699571,3.053633893612775,-1.3214671766639918e-16,1.0007160759958076
Mitoses,1.5894134477825466,1.7150779425067944,-8.132105702547642e-17,1.0007160759958076
