,PC1,PC2,PC3,PC4
Clump_Thickness,0.3020625734107893,-0.1408005307933815,0.8663724524116857,0.10782843836116825
Uniformity_Cell_Size,0.38079297316675176,-0.04664031060832692,-0.019937801071270172,-0.20425539890121813
Uniformity_Cell_Shape,0.37758253956381427,-0.08242246768637779,0.0335108705542938,-0.17586560378048777
Marginal_Adhesion,0.33272357154473675,-0.05209437597429541,-0.4126473410039914,0.4931725682992434
Single_Epithelial_Cell_Size,0.3362340376332887,0.16440438532553825,-0.08774252882613084,-0.42738357707939895
Bare_Nuclei,0.3350675108198332,-0.2612606207345207,0.0006914779524962507,0.49861767214529656
Bland_Chromatin,0.3457473664207174,-0.2280767591081732,-0.21307184544771196,0.01304733825029189
Normal_Nucleoli,0.3355913767391906,0.03396582249479272,-0.13424835594983883,-0.417113465803433
Mitoses,0.23020639801617562,0.9055572901606532,0.08049216982626811,0.2589878102567817
