param_model__n_neighbors,param_model__weights,param_model__metric,param_model__p,mean_train_score,mean_test_score,std_test_score,rank_test_score
7,uniform,minkowski,2.0,0.957432414790695,0.9554898434898436,0.01374007145682708,1
7,distance,minkowski,2.0,1.0,0.9554898434898436,0.01374007145682708,1
15,distance,minkowski,2.0,1.0,0.9527373527373527,0.01088165567644658,3
15,uniform,minkowski,2.0,0.9521642121506544,0.9527373527373527,0.01088165567644658,3
9,distance,minkowski,2.0,1.0,0.9526790326790326,0.013965593433184448,5
9,uniform,minkowski,2.0,0.95627854059193,0.9526790326790326,0.013965593433184448,5
3,distance,minkowski,1.0,1.0,0.9500816300816302,0.02240915774476584,7
9,distance,minkowski,1.0,1.0,0.9499449246817667,0.013387505074992792,8
11,distance,minkowski,1.0,1.0,0.9499449246817667,0.013387505074992792,8
11,uniform,minkowski,1.0,0.9520383448753386,0.9499449246817667,0.013387505074992792,8
15,uniform,minkowski,1.0,0.9471443990104582,0.9499449246817667,0.013387505074992792,8
15,distance,minkowski,1.0,1.0,0.9499449246817667,0.013387505074992792,8
9,uniform,minkowski,1.0,0.9553424573412439,0.9499449246817667,0.013387505074992792,8
3,uniform,minkowski,1.0,0.9758529774170606,0.9473475220843642,0.02172912065856317,14
5,uniform,minkowski,1.0,0.9621372281503783,0.9471778102864228,0.014802347276831477,15
5,distance,minkowski,1.0,1.0,0.9471778102864228,0.014802347276831477,15
21,distance,minkowski,2.0,1.0,0.9471189306805744,0.015066443683482094,17
7,uniform,minkowski,1.0,0.9594063500985645,0.9469156252141111,0.009394601231509331,18
7,distance,minkowski,1.0,1.0,0.9469156252141111,0.009394601231509331,18
21,distance,minkowski,1.0,1.0,0.946849025147511,0.015047456716107858,20
21,uniform,chebyshev,,0.9445889929906285,0.9454925775978408,0.01793960378623495,21
21,distance,chebyshev,,1.0,0.9454925775978408,0.01793960378623495,21
5,distance,chebyshev,,1.0,0.9454412955465588,0.020755223753801937,23
7,distance,chebyshev,,1.0,0.9454412955465588,0.020755223753801937,23
3,distance,minkowski,2.0,1.0,0.9452396726080936,0.029979269568419054,25
3,uniform,minkowski,2.0,0.9760138304713113,0.9452396726080936,0.029979269568419054,25
11,uniform,minkowski,2.0,0.954170296507758,0.9449617049617048,0.015790458657154945,27
11,distance,minkowski,2.0,1.0,0.9449617049617048,0.015790458657154945,27
5,uniform,minkowski,2.0,0.960992111280546,0.9448167195535616,0.01723379274392109,29
5,distance,minkowski,2.0,1.0,0.9448167195535616,0.01723379274392109,29
21,uniform,minkowski,2.0,0.951407730043807,0.944150894150894,0.01883903246528159,31
21,uniform,minkowski,1.0,0.9430512598990543,0.9440465644503135,0.017996944076086815,32
9,uniform,chebyshev,,0.9490696588600084,0.9384480431848854,0.026156770663296455,33
7,uniform,chebyshev,,0.9500472609912579,0.9383053613053614,0.024629017645227527,34
5,uniform,chebyshev,,0.9570154105420133,0.9383053613053614,0.024629017645227527,34
9,distance,chebyshev,,1.0,0.9381208176677864,0.022225076591509085,36
11,distance,chebyshev,,1.0,0.937711402521529,0.02092536038204809,37
11,uniform,chebyshev,,0.9439887719697252,0.9353804001905267,0.024352286717874455,38
3,uniform,chebyshev,,0.9622564883558601,0.9351360105044314,0.02737567015365159,39
3,distance,chebyshev,,1.0,0.9351360105044314,0.02737567015365159,39
15,distance,chebyshev,,1.0,0.9349244819107833,0.02941959127984641,41
15,uniform,chebyshev,,0.9421818151713366,0.9349244819107833,0.02941959127984641,41
