mean_fit_time,std_fit_time,mean_score_time,std_score_time,param_model__class_weight,param_model__criterion,param_model__max_depth,param_model__min_samples_leaf,param_model__min_samples_split,params,split0_test_score,split1_test_score,split2_test_score,split3_test_score,split4_test_score,mean_test_score,std_test_score,rank_test_score,split0_train_score,split1_train_score,split2_train_score,split3_train_score,split4_train_score,mean_train_score,std_train_score
0.007372140884399414,0.0016069157326711254,0.016799449920654297,0.022917125504939392,,gini,5,4,10,"{'model__class_weight': None, 'model__criterion': 'gini', 'model__max_depth': 5, 'model__min_samples_leaf': 4, 'model__min_samples_split': 10}",0.9166666666666666,0.935064935064935,0.9066666666666666,0.9230769230769231,0.95,0.9262950382950382,0.015014466872592629,1,0.9565217391304348,0.9579288025889967,0.9632107023411371,0.961038961038961,0.961038961038961,0.9599478332276983,0.002401751033549259
0.009356546401977538,0.0021986081220110557,0.009343481063842774,0.0035611885506678467,,gini,5,4,2,"{'model__class_weight': None, 'model__criterion': 'gini', 'model__max_depth': 5, 'model__min_samples_leaf': 4, 'model__min_samples_split': 2}",0.9166666666666666,0.935064935064935,0.9066666666666666,0.9230769230769231,0.95,0.9262950382950382,0.015014466872592629,1,0.9636963696369637,0.9579288025889967,0.9632107023411371,0.961038961038961,0.961038961038961,0.961382759329004,0.002042566033352094
0.016976165771484374,0.011683020593634347,0.007350444793701172,0.0011336347197729512,,gini,5,4,5,"{'model__class_weight': None, 'model__criterion': 'gini', 'model__max_depth': 5, 'model__min_samples_leaf': 4, 'model__min_samples_split': 5}",0.9166666666666666,0.935064935064935,0.9066666666666666,0.9230769230769231,0.95,0.9262950382950382,0.015014466872592629,1,0.9636963696369637,0.9579288025889967,0.9632107023411371,0.961038961038961,0.961038961038961,0.961382759329004,0.002042566033352094
0.008051061630249023,0.001171411410400221,0.0065616130828857425,0.0015793796409393143,balanced,entropy,7,4,2,"{'model__class_weight': 'balanced', 'model__criterion': 'entropy', 'model__max_depth': 7, 'model__min_samples_leaf': 4, 'model__min_samples_split': 2}",0.9459459459459459,0.9113924050632911,0.9090909090909091,0.9135802469135802,0.95,0.9260019014027453,0.018041009913729512,4,0.9712460063897763,0.9644012944983819,0.961038961038961,0.9644012944983819,0.974025974025974,0.9670227060902951,0.004825574152498454
0.007738351821899414,0.0006505525541075551,0.00810084342956543,0.0028758631338069076,balanced,entropy,10,4,5,"{'model__class_weight': 'balanced', 'model__criterion': 'entropy', 'model__max_depth': 10, 'model__min_samples_leaf': 4, 'model__min_samples_split': 5}",0.9459459459459459,0.9113924050632911,0.9090909090909091,0.9135802469135802,0.95,0.9260019014027453,0.018041009913729512,4,0.9712460063897763,0.9644012944983819,0.961038961038961,0.9644012944983819,0.974025974025974,0.9670227060902951,0.004825574152498454
0.007864093780517578,0.0008310556326244346,0.006077003479003906,0.0009936173320860954,balanced,entropy,5,4,2,"{'model__class_weight': 'balanced', 'model__criterion': 'entropy', 'model__max_depth': 5, 'model__min_samples_leaf': 4, 'model__min_samples_split': 2}",0.9459459459459459,0.9113924050632911,0.9090909090909091,0.9135802469135802,0.95,0.9260019014027453,0.018041009913729512,4,0.9589905362776026,0.9584664536741214,0.9551282051282052,0.9584664536741214,0.967948717948718,0.9598000733405536,0.004299748704968661
0.007526826858520508,0.0006724044823368071,0.005697298049926758,0.0004707132828527681,balanced,entropy,,4,5,"{'model__class_weight': 'balanced', 'model__criterion': 'entropy', 'model__max_depth': None, 'model__min_samples_leaf': 4, 'model__min_samples_split': 5}",0.9459459459459459,0.9113924050632911,0.9090909090909091,0.9135802469135802,0.95,0.9260019014027453,0.018041009913729512,4,0.9712460063897763,0.9644012944983819,0.961038961038961,0.9644012944983819,0.974025974025974,0.9670227060902951,0.004825574152498454
0.009052658081054687,0.0007045415063496341,0.0067752361297607425,0.0015024232715993011,balanced,entropy,10,4,2,"{'model__class_weight': 'balanced', 'model__criterion': 'entropy', 'model__max_depth': 10, 'model__min_samples_leaf': 4, 'model__min_samples_split': 2}",0.9459459459459459,0.9113924050632911,0.9090909090909091,0.9135802469135802,0.95,0.9260019014027453,0.018041009913729512,4,0.9712460063897763,0.9644012944983819,0.961038961038961,0.9644012944983819,0.974025974025974,0.9670227060902951,0.004825574152498454
0.008342313766479491,0.0019055848752485346,0.005793523788452148,0.0007112263414351435,balanced,entropy,5,4,5,"{'model__class_weight': 'balanced', 'model__criterion': 'entropy', 'model__max_depth': 5, 'model__min_samples_leaf': 4, 'model__min_samples_split': 5}",0.9459459459459459,0.9113924050632911,0.9090909090909091,0.9135802469135802,0.95,0.9260019014027453,0.018041009913729512,4,0.9589905362776026,0.9584664536741214,0.9551282051282052,0.9584664536741214,0.967948717948718,0.9598000733405536,0.004299748704968661
0.006836032867431641,0.00016820572521982993,0.008196353912353516,0.003841356374998836,balanced,entropy,5,4,10,"{'model__class_weight': 'balanced', 'model__criterion': 'entropy', 'model__max_depth': 5, 'model__min_samples_leaf': 4, 'model__min_samples_split': 10}",0.9459459459459459,0.9113924050632911,0.9090909090909091,0.9135802469135802,0.95,0.9260019014027453,0.018041009913729512,4,0.9589905362776026,0.9526813880126183,0.9551282051282052,0.9584664536741214,0.967948717948718,0.9586430602082532,0.005189276193676459
0.007134008407592774,0.0005994626072229805,0.006392765045166016,0.0012021463982210992,balanced,entropy,7,4,5,"{'model__class_weight': 'balanced', 'model__criterion': 'entropy', 'model__max_depth': 7, 'model__min_samples_leaf': 4, 'model__min_samples_split': 5}",0.9459459459459459,0.9113924050632911,0.9090909090909091,0.9135802469135802,0.95,0.9260019014027453,0.018041009913729512,4,0.9712460063897763,0.9644012944983819,0.961038961038961,0.9644012944983819,0.974025974025974,0.9670227060902951,0.004825574152498454
0.008603429794311524,0.002601944705710173,0.005970287322998047,0.0012688450810138688,balanced,entropy,,4,2,"{'model__class_weight': 'balanced', 'model__criterion': 'entropy', 'model__max_depth': None, 'model__min_samples_leaf': 4, 'model__min_samples_split': 2}",0.9459459459459459,0.9113924050632911,0.9090909090909091,0.9135802469135802,0.95,0.9260019014027453,0.018041009913729512,4,0.9712460063897763,0.9644012944983819,0.961038961038961,0.9644012944983819,0.974025974025974,0.9670227060902951,0.004825574152498454
0.008552169799804688,0.0012855748180379397,0.007078313827514648,0.0026306731192176267,balanced,gini,5,2,10,"{'model__class_weight': 'balanced', 'model__criterion': 'gini', 'model__max_depth': 5, 'model__min_samples_leaf': 2, 'model__min_samples_split': 10}",0.9459459459459459,0.935064935064935,0.8947368421052632,0.9,0.95,0.9251495446232288,0.02326277058831099,13,0.9589905362776026,0.9589905362776026,0.9646302250803859,0.9615384615384616,0.9589905362776026,0.960628059090331,0.0022311704603697243
0.008136415481567382,0.0011671935920465784,0.0067962646484375,0.0010536661373354767,balanced,gini,5,4,2,"{'model__class_weight': 'balanced', 'model__criterion': 'gini', 'model__max_depth': 5, 'model__min_samples_leaf': 4, 'model__min_samples_split': 2}",0.9459459459459459,0.8947368421052632,0.9090909090909091,0.9135802469135802,0.9620253164556962,0.9250758521022788,0.024935703729303992,14,0.9712460063897763,0.9526813880126183,0.9551282051282052,0.9584664536741214,0.9589905362776026,0.9593025178964648,0.006398554545055879
0.007520818710327148,0.0004256362793840421,0.0060081958770751955,0.0006029156332126136,balanced,gini,7,4,5,"{'model__class_weight': 'balanced', 'model__criterion': 'gini', 'model__max_depth': 7, 'model__min_samples_leaf': 4, 'model__min_samples_split': 5}",0.9459459459459459,0.8947368421052632,0.9090909090909091,0.9135802469135802,0.9620253164556962,0.9250758521022788,0.024935703729303992,14,0.9712460063897763,0.9526813880126183,0.961038961038961,0.9584664536741214,0.9589905362776026,0.960484669078616,0.006054922657521509
0.008312225341796875,0.0013103293191206783,0.0060179710388183595,0.0007205095517839344,balanced,gini,5,4,5,"{'model__class_weight': 'balanced', 'model__criterion': 'gini', 'model__max_depth': 5, 'model__min_samples_leaf': 4, 'model__min_samples_split': 5}",0.9459459459459459,0.8947368421052632,0.9090909090909091,0.9135802469135802,0.9620253164556962,0.9250758521022788,0.024935703729303992,14,0.9712460063897763,0.9526813880126183,0.9551282051282052,0.9584664536741214,0.9589905362776026,0.9593025178964648,0.006398554545055879
0.010532283782958984,0.0034339517240216844,0.006172370910644531,0.0014116281416749678,balanced,gini,5,4,10,"{'model__class_weight': 'balanced', 'model__criterion': 'gini', 'model__max_depth': 5, 'model__min_samples_leaf': 4, 'model__min_samples_split': 10}",0.9459459459459459,0.8947368421052632,0.9090909090909091,0.9135802469135802,0.9620253164556962,0.9250758521022788,0.024935703729303992,14,0.9589905362776026,0.9526813880126183,0.9551282051282052,0.9584664536741214,0.9589905362776026,0.9568514238740301,0.0025345061426968888
0.007747077941894531,0.0010455839607572065,0.006544923782348633,0.0013514700372799888,balanced,gini,,4,10,"{'model__class_weight': 'balanced', 'model__criterion': 'gini', 'model__max_depth': None, 'model__min_samples_leaf': 4, 'model__min_samples_split': 10}",0.9459459459459459,0.8947368421052632,0.9090909090909091,0.9135802469135802,0.9620253164556962,0.9250758521022788,0.024935703729303992,14,0.9589905362776026,0.9526813880126183,0.9551282051282052,0.9584664536741214,0.9589905362776026,0.9568514238740301,0.0025345061426968888
0.010449647903442383,0.003515846759666706,0.005831289291381836,0.0008084787362013715,balanced,gini,7,4,10,"{'model__class_weight': 'balanced', 'model__criterion': 'gini', 'model__max_depth': 7, 'model__min_samples_leaf': 4, 'model__min_samples_split': 10}",0.9459459459459459,0.8947368421052632,0.9090909090909091,0.9135802469135802,0.9620253164556962,0.9250758521022788,0.024935703729303992,14,0.9589905362776026,0.9526813880126183,0.9551282051282052,0.9584664536741214,0.9589905362776026,0.9568514238740301,0.0025345061426968888
0.007530689239501953,0.0008659799182499747,0.007464456558227539,0.0021696994280601158,balanced,gini,7,4,2,"{'model__class_weight': 'balanced', 'model__criterion': 'gini', 'model__max_depth': 7, 'model__min_samples_leaf': 4, 'model__min_samples_split': 2}",0.9459459459459459,0.8947368421052632,0.9090909090909091,0.9135802469135802,0.9620253164556962,0.9250758521022788,0.024935703729303992,14,0.9712460063897763,0.9526813880126183,0.961038961038961,0.9584664536741214,0.9589905362776026,0.960484669078616,0.006054922657521509
0.007468175888061523,0.0009009683140302544,0.005681753158569336,0.00031412344043550743,balanced,gini,10,4,10,"{'model__class_weight': 'balanced', 'model__criterion': 'gini', 'model__max_depth': 10, 'model__min_samples_leaf': 4, 'model__min_samples_split': 10}",0.9459459459459459,0.8947368421052632,0.9090909090909091,0.9135802469135802,0.9620253164556962,0.9250758521022788,0.024935703729303992,14,0.9589905362776026,0.9526813880126183,0.9551282051282052,0.9584664536741214,0.9589905362776026,0.9568514238740301,0.0025345061426968888
0.009350299835205078,0.004097834671338575,0.006547737121582031,0.0015691845953191787,balanced,entropy,7,1,5,"{'model__class_weight': 'balanced', 'model__criterion': 'entropy', 'model__max_depth': 7, 'model__min_samples_leaf': 1, 'model__min_samples_split': 5}",0.9315068493150684,0.8947368421052632,0.9230769230769231,0.9113924050632911,0.9620253164556962,0.9245476672032484,0.022436192691424984,22,0.9869281045751634,0.9805194805194806,0.9934640522875817,0.9806451612903225,0.9869281045751634,0.9856969806495423,0.004810116849014936
0.008644962310791015,0.00304866943922694,0.0069043636322021484,0.001347642268481065,balanced,gini,7,2,5,"{'model__class_weight': 'balanced', 'model__criterion': 'gini', 'model__max_depth': 7, 'model__min_samples_leaf': 2, 'model__min_samples_split': 5}",0.9459459459459459,0.9210526315789473,0.9333333333333333,0.8571428571428571,0.9620253164556962,0.9239000168913561,0.03603657834658862,23,0.9741935483870968,0.977491961414791,0.9838187702265372,0.987012987012987,0.9773462783171522,0.9799727090717127,0.004707624572148407
0.008631467819213867,0.001839282757741577,0.007344579696655274,0.002618313637224282,balanced,gini,5,2,2,"{'model__class_weight': 'balanced', 'model__criterion': 'gini', 'model__max_depth': 5, 'model__min_samples_leaf': 2, 'model__min_samples_split': 2}",0.9459459459459459,0.935064935064935,0.9090909090909091,0.8780487804878049,0.95,0.9236301141179191,0.026881848225217973,24,0.9712460063897763,0.9589905362776026,0.9650793650793651,0.9681528662420382,0.9589905362776026,0.9644918620532771,0.004896850983525141
0.008916902542114257,0.0013530540790971115,0.006409692764282227,0.0011480395768779532,balanced,gini,5,2,5,"{'model__class_weight': 'balanced', 'model__criterion': 'gini', 'model__max_depth': 5, 'model__min_samples_leaf': 2, 'model__min_samples_split': 5}",0.9459459459459459,0.935064935064935,0.9090909090909091,0.8780487804878049,0.95,0.9236301141179191,0.026881848225217973,24,0.9712460063897763,0.9589905362776026,0.9650793650793651,0.9681528662420382,0.9589905362776026,0.9644918620532771,0.004896850983525141
0.009627532958984376,0.003022613848313041,0.006305503845214844,0.0011323747618177647,balanced,entropy,7,4,10,"{'model__class_weight': 'balanced', 'model__criterion': 'entropy', 'model__max_depth': 7, 'model__min_samples_leaf': 4, 'model__min_samples_split': 10}",0.9315068493150684,0.9113924050632911,0.9090909090909091,0.9135802469135802,0.95,0.9231140820765698,0.01560917826158371,26,0.974025974025974,0.9584664536741214,0.9551282051282052,0.9584664536741214,0.974025974025974,0.9640226121056792,0.008258168900317898
0.0077517032623291016,0.0006276193821915002,0.005938243865966797,0.0004739485843948348,balanced,entropy,10,4,10,"{'model__class_weight': 'balanced', 'model__criterion': 'entropy', 'model__max_depth': 10, 'model__min_samples_leaf': 4, 'model__min_samples_split': 10}",0.9315068493150684,0.9113924050632911,0.9090909090909091,0.9135802469135802,0.95,0.9231140820765698,0.01560917826158371,26,0.974025974025974,0.9584664536741214,0.9551282051282052,0.9584664536741214,0.974025974025974,0.9640226121056792,0.008258168900317898
0.010278081893920899,0.0026892507416972442,0.005583524703979492,0.00029020922137564377,balanced,entropy,,4,10,"{'model__class_weight': 'balanced', 'model__criterion': 'entropy', 'model__max_depth': None, 'model__min_samples_leaf': 4, 'model__min_samples_split': 10}",0.9315068493150684,0.9113924050632911,0.9090909090909091,0.9135802469135802,0.95,0.9231140820765698,0.01560917826158371,26,0.974025974025974,0.9584664536741214,0.9551282051282052,0.9584664536741214,0.974025974025974,0.9640226121056792,0.008258168900317898
0.008174896240234375,0.002719669393306636,0.0061531543731689455,0.0009659050503341488,balanced,gini,10,4,5,"{'model__class_weight': 'balanced', 'model__criterion': 'gini', 'model__max_depth': 10, 'model__min_samples_leaf': 4, 'model__min_samples_split': 5}",0.9459459459459459,0.88,0.9090909090909091,0.9135802469135802,0.9620253164556962,0.9221284836812262,0.028902901634536744,29,0.9712460063897763,0.9584664536741214,0.961038961038961,0.9584664536741214,0.9589905362776026,0.9616416822109166,0.004894875749704733
0.00862569808959961,0.0024631528574100303,0.006791830062866211,0.0015125888656261773,balanced,gini,10,4,2,"{'model__class_weight': 'balanced', 'model__criterion': 'gini', 'model__max_depth': 10, 'model__min_samples_leaf': 4, 'model__min_samples_split': 2}",0.9459459459459459,0.88,0.9090909090909091,0.9135802469135802,0.9620253164556962,0.9221284836812262,0.028902901634536744,29,0.9712460063897763,0.9584664536741214,0.961038961038961,0.9584664536741214,0.9589905362776026,0.9616416822109166,0.004894875749704733
0.008186960220336914,0.000832049915755556,0.007409286499023437,0.002577351682627221,balanced,gini,,4,5,"{'model__class_weight': 'balanced', 'model__criterion': 'gini', 'model__max_depth': None, 'model__min_samples_leaf': 4, 'model__min_samples_split': 5}",0.9459459459459459,0.88,0.9090909090909091,0.9135802469135802,0.9620253164556962,0.9221284836812262,0.028902901634536744,29,0.9712460063897763,0.9584664536741214,0.961038961038961,0.9584664536741214,0.9589905362776026,0.9616416822109166,0.004894875749704733
0.008466386795043945,0.001322628193365291,0.00591278076171875,0.0005543327638354193,balanced,gini,,4,2,"{'model__class_weight': 'balanced', 'model__criterion': 'gini', 'model__max_depth': None, 'model__min_samples_leaf': 4, 'model__min_samples_split': 2}",0.9459459459459459,0.88,0.9090909090909091,0.9135802469135802,0.9620253164556962,0.9221284836812262,0.028902901634536744,29,0.9712460063897763,0.9584664536741214,0.961038961038961,0.9584664536741214,0.9589905362776026,0.9616416822109166,0.004894875749704733
0.007939338684082031,0.001521636160555782,0.005548954010009766,0.00020630264728371418,balanced,gini,5,1,2,"{'model__class_weight': 'balanced', 'model__criterion': 'gini', 'model__max_depth': 5, 'model__min_samples_leaf': 1, 'model__min_samples_split': 2}",0.9459459459459459,0.9333333333333333,0.8974358974358975,0.8831168831168831,0.95,0.9219664119664118,0.026837060361509367,33,0.9743589743589743,0.9650793650793651,0.9743589743589743,0.9805194805194806,0.9681528662420382,0.9724939321117665,0.005388633399584638
0.008109188079833985,0.0019019571433595917,0.006302261352539062,0.0005051115242673982,balanced,entropy,5,1,5,"{'model__class_weight': 'balanced', 'model__criterion': 'entropy', 'model__max_depth': 5, 'model__min_samples_leaf': 1, 'model__min_samples_split': 5}",0.9459459459459459,0.8831168831168831,0.9113924050632911,0.9113924050632911,0.95,0.9203695278378822,0.024823597842044066,34,0.9620253164556962,0.9743589743589743,0.9712460063897763,0.9741935483870968,0.9712460063897763,0.970613970396264,0.004503384255827866
0.007762622833251953,0.0008655247440345024,0.007648181915283203,0.0027034738444964264,balanced,entropy,7,2,5,"{'model__class_weight': 'balanced', 'model__criterion': 'entropy', 'model__max_depth': 7, 'model__min_samples_leaf': 2, 'model__min_samples_split': 5}",0.9315068493150684,0.8974358974358975,0.9333333333333333,0.8888888888888888,0.95,0.9202329937946375,0.023181690565991994,35,0.9837133550488599,0.9741935483870968,0.9838187702265372,0.9806451612903225,0.9805194805194806,0.9805780630944593,0.003495774606285046
0.0085968017578125,0.0007386145489889155,0.005876922607421875,0.0004547083387698356,balanced,entropy,5,1,2,"{'model__class_weight': 'balanced', 'model__criterion': 'entropy', 'model__max_depth': 5, 'model__min_samples_leaf': 1, 'model__min_samples_split': 2}",0.9459459459459459,0.8947368421052632,0.8974358974358975,0.9113924050632911,0.95,0.9199022181100796,0.023641492619850223,36,0.9620253164556962,0.977491961414791,0.9743589743589743,0.9773462783171522,0.9712460063897763,0.972493707387278,0.005712323087926682
0.008148288726806641,0.001457056430490183,0.005789375305175782,0.00043837885071404257,balanced,gini,10,2,10,"{'model__class_weight': 'balanced', 'model__criterion': 'gini', 'model__max_depth': 10, 'model__min_samples_leaf': 2, 'model__min_samples_split': 10}",0.9459459459459459,0.9210526315789473,0.8947368421052632,0.8860759493670886,0.95,0.9195622737994491,0.025932259759984057,37,0.9617834394904459,0.9681528662420382,0.9646302250803859,0.967741935483871,0.9589905362776026,0.9642598005148686,0.0035018837382917675
0.008894777297973633,0.0028475711915665505,0.006848001480102539,0.0011763017136436692,balanced,gini,,2,10,"{'model__class_weight': 'balanced', 'model__criterion': 'gini', 'model__max_depth': None, 'model__min_samples_leaf': 2, 'model__min_samples_split': 10}",0.9459459459459459,0.9210526315789473,0.8947368421052632,0.8860759493670886,0.95,0.9195622737994491,0.025932259759984057,37,0.9617834394904459,0.9681528662420382,0.9646302250803859,0.967741935483871,0.9589905362776026,0.9642598005148686,0.0035018837382917675
0.008238983154296876,0.0010616536344330053,0.006218099594116211,0.0008385720491910507,balanced,gini,7,2,10,"{'model__class_weight': 'balanced', 'model__criterion': 'gini', 'model__max_depth': 7, 'model__min_samples_leaf': 2, 'model__min_samples_split': 10}",0.9459459459459459,0.9210526315789473,0.8947368421052632,0.8860759493670886,0.95,0.9195622737994491,0.025932259759984057,37,0.9617834394904459,0.9681528662420382,0.9646302250803859,0.967741935483871,0.9589905362776026,0.9642598005148686,0.0035018837382917675
0.0076123237609863285,0.0006832603217251855,0.00560760498046875,0.00048439546780707724,balanced,gini,5,1,5,"{'model__class_weight': 'balanced', 'model__criterion': 'gini', 'model__max_depth': 5, 'model__min_samples_leaf': 1, 'model__min_samples_split': 5}",0.9459459459459459,0.9210526315789473,0.8974358974358975,0.8831168831168831,0.95,0.9195102716155347,0.026239679915559914,40,0.9743589743589743,0.9620253164556962,0.9712460063897763,0.9773462783171522,0.9650793650793651,0.9700111881201929,0.005697869677035672
0.008538246154785156,0.0013217231221674096,0.007280206680297852,0.0032690031802930447,balanced,entropy,10,1,10,"{'model__class_weight': 'balanced', 'model__criterion': 'entropy', 'model__max_depth': 10, 'model__min_samples_leaf': 1, 'model__min_samples_split': 10}",0.9315068493150684,0.8947368421052632,0.9090909090909091,0.9,0.9620253164556962,0.9194719833933874,0.024715890467284497,41,0.9773462783171522,0.9681528662420382,0.9646302250803859,0.9615384615384616,0.9803921568627451,0.9704119976081567,0.007279560950641714
0.007940196990966797,0.0014926933706047492,0.006732320785522461,0.002062503038185429,balanced,entropy,,1,10,"{'model__class_weight': 'balanced', 'model__criterion': 'entropy', 'model__max_depth': None, 'model__min_samples_leaf': 1, 'model__min_samples_split': 10}",0.9315068493150684,0.8947368421052632,0.9090909090909091,0.9,0.9620253164556962,0.9194719833933874,0.024715890467284497,41,0.9773462783171522,0.9681528662420382,0.9646302250803859,0.9615384615384616,0.9803921568627451,0.9704119976081567,0.007279560950641714
0.007109260559082032,0.0005348071220441067,0.006832265853881836,0.001418591255700711,balanced,gini,3,2,5,"{'model__class_weight': 'balanced', 'model__criterion': 'gini', 'model__max_depth': 3, 'model__min_samples_leaf': 2, 'model__min_samples_split': 5}",0.9459459459459459,0.935064935064935,0.8947368421052632,0.8674698795180723,0.95,0.9186435205268433,0.03221361482788115,43,0.9589905362776026,0.9411764705882353,0.9646302250803859,0.95,0.940809968847352,0.9511214401587151,0.009496277504166165
0.0077116966247558595,0.00035496064886317687,0.0055331230163574215,0.00012615029602300716,balanced,gini,3,2,2,"{'model__class_weight': 'balanced', 'model__criterion': 'gini', 'model__max_depth': 3, 'model__min_samples_leaf': 2, 'model__min_samples_split': 2}",0.9459459459459459,0.935064935064935,0.8947368421052632,0.8674698795180723,0.95,0.9186435205268433,0.03221361482788115,43,0.9589905362776026,0.9411764705882353,0.9646302250803859,0.95,0.940809968847352,0.9511214401587151,0.009496277504166165
0.007601499557495117,0.0008248208229544803,0.007570600509643555,0.0014669305418172904,balanced,gini,3,2,10,"{'model__class_weight': 'balanced', 'model__criterion': 'gini', 'model__max_depth': 3, 'model__min_samples_leaf': 2, 'model__min_samples_split': 10}",0.9459459459459459,0.935064935064935,0.8947368421052632,0.8674698795180723,0.95,0.9186435205268433,0.03221361482788115,43,0.9589905362776026,0.9411764705882353,0.9646302250803859,0.95,0.940809968847352,0.9511214401587151,0.009496277504166165
0.01001129150390625,0.003778380631976795,0.00768575668334961,0.0029641097432858707,balanced,gini,7,2,2,"{'model__class_weight': 'balanced', 'model__criterion': 'gini', 'model__max_depth': 7, 'model__min_samples_leaf': 2, 'model__min_samples_split': 2}",0.9315068493150684,0.9210526315789473,0.9210526315789473,0.8571428571428571,0.9620253164556962,0.9185560572143034,0.034179954432867636,46,0.9805194805194806,0.977491961414791,0.9838187702265372,0.987012987012987,0.9773462783171522,0.9812378954981895,0.0037337761821045175
0.009322166442871094,0.004538945630766459,0.0074555397033691405,0.002954402279719931,balanced,gini,3,4,5,"{'model__class_weight': 'balanced', 'model__criterion': 'gini', 'model__max_depth': 3, 'model__min_samples_leaf': 4, 'model__min_samples_split': 5}",0.9459459459459459,0.8947368421052632,0.9090909090909091,0.8809523809523809,0.9620253164556962,0.918550278910039,0.03069450388132433,47,0.9589905362776026,0.934984520123839,0.9551282051282052,0.9470404984423676,0.9341692789968652,0.9460626077937759,0.01014345065870371
0.007475519180297851,0.0005645070203974996,0.005758047103881836,0.0006636587808343625,balanced,gini,3,4,2,"{'model__class_weight': 'balanced', 'model__criterion': 'gini', 'model__max_depth': 3, 'model__min_samples_leaf': 4, 'model__min_samples_split': 2}",0.9459459459459459,0.8947368421052632,0.9090909090909091,0.8809523809523809,0.9620253164556962,0.918550278910039,0.03069450388132433,47,0.9589905362776026,0.934984520123839,0.9551282051282052,0.9470404984423676,0.9341692789968652,0.9460626077937759,0.01014345065870371
0.007327842712402344,0.0010897213982830323,0.006886863708496093,0.0015555563405211207,balanced,gini,3,4,10,"{'model__class_weight': 'balanced', 'model__criterion': 'gini', 'model__max_depth': 3, 'model__min_samples_leaf': 4, 'model__min_samples_split': 10}",0.9459459459459459,0.8947368421052632,0.9090909090909091,0.8809523809523809,0.9620253164556962,0.918550278910039,0.03069450388132433,47,0.9589905362776026,0.934984520123839,0.9551282051282052,0.9470404984423676,0.9341692789968652,0.9460626077937759,0.01014345065870371
0.008859729766845703,0.002622469775474125,0.006353139877319336,0.0008401192519735788,,entropy,3,1,10,"{'model__class_weight': None, 'model__criterion': 'entropy', 'model__max_depth': 3, 'model__min_samples_leaf': 1, 'model__min_samples_split': 10}",0.9315068493150684,0.935064935064935,0.9090909090909091,0.9113924050632911,0.9047619047619048,0.9183634006592218,0.012419871691782875,50,0.9587301587301588,0.9612903225806452,0.9644012944983819,0.9579288025889967,0.9426751592356688,0.9570051475267702,0.007513229425712069
0.008873701095581055,0.003174227150147721,0.005697059631347656,0.0004808239543576413,,entropy,3,2,10,"{'model__class_weight': None, 'model__criterion': 'entropy', 'model__max_depth': 3, 'model__min_samples_leaf': 2, 'model__min_samples_split': 10}",0.9315068493150684,0.935064935064935,0.9090909090909091,0.9113924050632911,0.9047619047619048,0.9183634006592218,0.012419871691782875,50,0.9587301587301588,0.9579288025889967,0.9644012944983819,0.9579288025889967,0.9426751592356688,0.9563328435284404,0.007245323072406126
0.0076694488525390625,0.0010950365019016073,0.0070324897766113285,0.0022783785521377753,balanced,entropy,5,2,10,"{'model__class_weight': 'balanced', 'model__criterion': 'entropy', 'model__max_depth': 5, 'model__min_samples_leaf': 2, 'model__min_samples_split': 10}",0.9459459459459459,0.8974358974358975,0.9090909090909091,0.9,0.9382716049382716,0.9181488714822048,0.02009008343979384,52,0.9589905362776026,0.9620253164556962,0.9646302250803859,0.9615384615384616,0.9681528662420382,0.9630674811188369,0.0031096237020376834
0.00896439552307129,0.004047709344528019,0.009839439392089843,0.005714013453270353,balanced,gini,10,2,5,"{'model__class_weight': 'balanced', 'model__criterion': 'gini', 'model__max_depth': 10, 'model__min_samples_leaf': 2, 'model__min_samples_split': 5}",0.9459459459459459,0.8918918918918919,0.9333333333333333,0.8571428571428571,0.9620253164556962,0.918067868953945,0.03831322907219869,53,0.9741935483870968,0.9838187702265372,0.9838187702265372,0.987012987012987,0.9837133550488599,0.9825114861804035,0.004343134140470121
0.008722162246704102,0.0023139713080857455,0.006781816482543945,0.0010635468055505738,balanced,gini,,2,5,"{'model__class_weight': 'balanced', 'model__criterion': 'gini', 'model__max_depth': None, 'model__min_samples_leaf': 2, 'model__min_samples_split': 5}",0.9459459459459459,0.8918918918918919,0.9333333333333333,0.8571428571428571,0.9620253164556962,0.918067868953945,0.03831322907219869,53,0.9741935483870968,0.9838187702265372,0.9838187702265372,0.987012987012987,0.9837133550488599,0.9825114861804035,0.004343134140470121
0.008563423156738281,0.0023807266824471067,0.006407928466796875,0.0020387197675612702,,entropy,3,1,2,"{'model__class_weight': None, 'model__criterion': 'entropy', 'model__max_depth': 3, 'model__min_samples_leaf': 1, 'model__min_samples_split': 2}",0.9315068493150684,0.9473684210526315,0.9090909090909091,0.8974358974358975,0.9047619047619048,0.9180327963312823,0.018560361721551347,55,0.9587301587301588,0.961038961038961,0.9644012944983819,0.9576547231270358,0.9426751592356688,0.9569000593260413,0.00747884483543456
0.0073967456817626955,0.0013542054689568781,0.005774068832397461,0.0005750966380023246,,entropy,3,1,5,"{'model__class_weight': None, 'model__criterion': 'entropy', 'model__max_depth': 3, 'model__min_samples_leaf': 1, 'model__min_samples_split': 5}",0.9315068493150684,0.9473684210526315,0.9090909090909091,0.8974358974358975,0.9047619047619048,0.9180327963312823,0.018560361721551347,55,0.9587301587301588,0.961038961038961,0.9644012944983819,0.9576547231270358,0.9426751592356688,0.9569000593260413,0.00747884483543456
0.008583402633666993,0.0024608973150615472,0.007137727737426758,0.002903203520498172,,entropy,3,2,5,"{'model__class_weight': None, 'model__criterion': 'entropy', 'model__max_depth': 3, 'model__min_samples_leaf': 2, 'model__min_samples_split': 5}",0.9315068493150684,0.9473684210526315,0.9090909090909091,0.8974358974358975,0.9047619047619048,0.9180327963312823,0.018560361721551347,55,0.9587301587301588,0.9576547231270358,0.9644012944983819,0.9576547231270358,0.9426751592356688,0.9562232117436562,0.007222381839489656
0.007327127456665039,0.0011552943122952182,0.006760215759277344,0.0023921420029593007,,entropy,3,2,2,"{'model__class_weight': None, 'model__criterion': 'entropy', 'model__max_depth': 3, 'model__min_samples_leaf': 2, 'model__min_samples_split': 2}",0.9315068493150684,0.9473684210526315,0.9090909090909091,0.8974358974358975,0.9047619047619048,0.9180327963312823,0.018560361721551347,55,0.9587301587301588,0.9576547231270358,0.9644012944983819,0.9576547231270358,0.9426751592356688,0.9562232117436562,0.007222381839489656
0.008083248138427734,0.00016190476093609553,0.0057999610900878905,0.0006655154122351749,balanced,entropy,7,2,2,"{'model__class_weight': 'balanced', 'model__criterion': 'entropy', 'model__max_depth': 7, 'model__min_samples_leaf': 2, 'model__min_samples_split': 2}",0.9315068493150684,0.8974358974358975,0.9210526315789473,0.8888888888888888,0.95,0.9177768534437604,0.022297280867582616,59,0.9837133550488599,0.9741935483870968,0.9838187702265372,0.9806451612903225,0.9806451612903225,0.9806031992486277,0.0034957148513087245
0.007593107223510742,0.0012336195996510177,0.005871868133544922,0.0005718085110269731,balanced,entropy,5,1,10,"{'model__class_weight': 'balanced', 'model__criterion': 'entropy', 'model__max_depth': 5, 'model__min_samples_leaf': 1, 'model__min_samples_split': 10}",0.9459459459459459,0.8831168831168831,0.9090909090909091,0.9,0.95,0.9176307476307477,0.02617058617058617,60,0.9589905362776026,0.9650793650793651,0.9646302250803859,0.9615384615384616,0.9712460063897763,0.9642969188731183,0.004117764333343018
0.0075042724609375,0.0008377416232251078,0.007273054122924805,0.002055258641607361,balanced,entropy,10,2,10,"{'model__class_weight': 'balanced', 'model__criterion': 'entropy', 'model__max_depth': 10, 'model__min_samples_leaf': 2, 'model__min_samples_split': 10}",0.9315068493150684,0.8974358974358975,0.9090909090909091,0.9,0.95,0.9176067311683751,0.020158947847760792,61,0.9773462783171522,0.9620253164556962,0.9646302250803859,0.9615384615384616,0.9771986970684039,0.9685477956920199,0.0072010034202231584
0.007556915283203125,0.0005724026615329795,0.0062678813934326175,0.0015206272275230207,balanced,entropy,,2,10,"{'model__class_weight': 'balanced', 'model__criterion': 'entropy', 'model__max_depth': None, 'model__min_samples_leaf': 2, 'model__min_samples_split': 10}",0.9315068493150684,0.8974358974358975,0.9090909090909091,0.9,0.95,0.9176067311683751,0.020158947847760792,61,0.9773462783171522,0.9620253164556962,0.9646302250803859,0.9615384615384616,0.9771986970684039,0.9685477956920199,0.0072010034202231584
0.012210845947265625,0.005766840357149103,0.015078592300415038,0.00783073927649179,,gini,3,2,10,"{'model__class_weight': None, 'model__criterion': 'gini', 'model__max_depth': 3, 'model__min_samples_leaf': 2, 'model__min_samples_split': 10}",0.9166666666666666,0.935064935064935,0.9090909090909091,0.875,0.95,0.9171645021645022,0.025463194631503185,63,0.9576547231270358,0.9579288025889967,0.9644012944983819,0.9523809523809523,0.9576547231270358,0.9580040991444804,0.003815591296104791
0.007275867462158203,0.001768308850289651,0.0075075626373291016,0.0018432455494389374,,gini,3,4,5,"{'model__class_weight': None, 'model__criterion': 'gini', 'model__max_depth': 3, 'model__min_samples_leaf': 4, 'model__min_samples_split': 5}",0.9166666666666666,0.935064935064935,0.8947368421052632,0.8888888888888888,0.95,0.9170714665451507,0.023243537682647492,64,0.9576547231270358,0.9579288025889967,0.9576547231270358,0.9493670886075949,0.9539473684210527,0.9553105411743431,0.003317485169782186
0.009585857391357422,0.0038491002064286986,0.007103538513183594,0.0022040577432291724,,gini,3,4,10,"{'model__class_weight': None, 'model__criterion': 'gini', 'model__max_depth': 3, 'model__min_samples_leaf': 4, 'model__min_samples_split': 10}",0.9166666666666666,0.935064935064935,0.8947368421052632,0.8888888888888888,0.95,0.9170714665451507,0.023243537682647492,64,0.9576547231270358,0.9579288025889967,0.9576547231270358,0.9493670886075949,0.9539473684210527,0.9553105411743431,0.003317485169782186
0.00814957618713379,0.0006530055233196241,0.0061838626861572266,0.0010068422975115841,,gini,3,4,2,"{'model__class_weight': None, 'model__criterion': 'gini', 'model__max_depth': 3, 'model__min_samples_leaf': 4, 'model__min_samples_split': 2}",0.9166666666666666,0.935064935064935,0.8947368421052632,0.8888888888888888,0.95,0.9170714665451507,0.023243537682647492,64,0.9576547231270358,0.9579288025889967,0.9576547231270358,0.9493670886075949,0.9539473684210527,0.9553105411743431,0.003317485169782186
0.007662582397460938,0.0010272479049537354,0.007113838195800781,0.0014243898348429104,balanced,entropy,7,1,10,"{'model__class_weight': 'balanced', 'model__criterion': 'entropy', 'model__max_depth': 7, 'model__min_samples_leaf': 1, 'model__min_samples_split': 10}",0.9315068493150684,0.8947368421052632,0.9090909090909091,0.9,0.95,0.9170669201022481,0.020720174729011925,67,0.9773462783171522,0.9681528662420382,0.9646302250803859,0.9615384615384616,0.9773462783171522,0.969802821899038,0.006505155388641194
0.008959627151489258,0.004605410940310589,0.015409183502197266,0.01831129185482305,,gini,3,2,2,"{'model__class_weight': None, 'model__criterion': 'gini', 'model__max_depth': 3, 'model__min_samples_leaf': 2, 'model__min_samples_split': 2}",0.9166666666666666,0.9473684210526315,0.9090909090909091,0.8607594936708861,0.95,0.9167770980962187,0.032362484308874805,68,0.9576547231270358,0.9576547231270358,0.9644012944983819,0.952076677316294,0.9576547231270358,0.9578884282391567,0.003907882545272913
0.006348896026611328,0.00032352276362949354,0.006183624267578125,0.000534724177194083,,gini,3,2,5,"{'model__class_weight': None, 'model__criterion': 'gini', 'model__max_depth': 3, 'model__min_samples_leaf': 2, 'model__min_samples_split': 5}",0.9166666666666666,0.9473684210526315,0.9090909090909091,0.8607594936708861,0.95,0.9167770980962187,0.032362484308874805,68,0.9576547231270358,0.9576547231270358,0.9644012944983819,0.952076677316294,0.9576547231270358,0.9578884282391567,0.003907882545272913
0.007073402404785156,0.0006462440677225319,0.00615987777709961,0.00034634277144757495,balanced,gini,5,1,10,"{'model__class_weight': 'balanced', 'model__criterion': 'gini', 'model__max_depth': 5, 'model__min_samples_leaf': 1, 'model__min_samples_split': 10}",0.9459459459459459,0.9210526315789473,0.8947368421052632,0.8717948717948718,0.95,0.9167060582850057,0.029939978010176605,70,0.9589905362776026,0.9620253164556962,0.9646302250803859,0.9646302250803859,0.9620253164556962,0.9624603238699534,0.0020897287557490284
0.007038116455078125,0.000570051254212647,0.0073356151580810545,0.001642225493398111,balanced,gini,3,1,10,"{'model__class_weight': 'balanced', 'model__criterion': 'gini', 'model__max_depth': 3, 'model__min_samples_leaf': 1, 'model__min_samples_split': 10}",0.9459459459459459,0.9210526315789473,0.8947368421052632,0.8674698795180723,0.95,0.9158410598296458,0.031258461037703876,71,0.9589905362776026,0.9440993788819876,0.9646302250803859,0.95,0.940809968847352,0.9517060218174656,0.008939739128389272
0.007689523696899414,0.0010032008267256132,0.00612936019897461,0.0012161329014461254,balanced,gini,3,1,2,"{'model__class_weight': 'balanced', 'model__criterion': 'gini', 'model__max_depth': 3, 'model__min_samples_leaf': 1, 'model__min_samples_split': 2}",0.9459459459459459,0.9210526315789473,0.8947368421052632,0.8674698795180723,0.95,0.9158410598296458,0.031258461037703876,71,0.9589905362776026,0.9440993788819876,0.9646302250803859,0.95,0.94375,0.952294028047995,0.008275750535329479
0.009369325637817384,0.002071761876437957,0.0075356483459472655,0.0031721081057609316,balanced,gini,3,1,5,"{'model__class_weight': 'balanced', 'model__criterion': 'gini', 'model__max_depth': 3, 'model__min_samples_leaf': 1, 'model__min_samples_split': 5}",0.9459459459459459,0.9210526315789473,0.8947368421052632,0.8674698795180723,0.95,0.9158410598296458,0.031258461037703876,71,0.9589905362776026,0.9440993788819876,0.9646302250803859,0.95,0.94375,0.952294028047995,0.008275750535329479
0.007124853134155273,0.0016506335421755172,0.005895566940307617,0.0007263795892968256,,entropy,3,4,5,"{'model__class_weight': None, 'model__criterion': 'entropy', 'model__max_depth': 3, 'model__min_samples_leaf': 4, 'model__min_samples_split': 5}",0.9315068493150684,0.935064935064935,0.8947368421052632,0.9113924050632911,0.9047619047619048,0.9154925872620925,0.01550673005901159,74,0.9587301587301588,0.9579288025889967,0.9576547231270358,0.9579288025889967,0.9426751592356688,0.9549835292541713,0.006164701966564245
0.006997919082641602,0.001308373862737847,0.006319618225097657,0.001352728858238082,,entropy,3,4,2,"{'model__class_weight': None, 'model__criterion': 'entropy', 'model__max_depth': 3, 'model__min_samples_leaf': 4, 'model__min_samples_split': 2}",0.9315068493150684,0.935064935064935,0.8947368421052632,0.9113924050632911,0.9047619047619048,0.9154925872620925,0.01550673005901159,74,0.9587301587301588,0.9579288025889967,0.9576547231270358,0.9579288025889967,0.9426751592356688,0.9549835292541713,0.006164701966564245
0.006836795806884765,0.0013625047417963933,0.007207441329956055,0.0015811390718355127,,entropy,3,4,10,"{'model__class_weight': None, 'model__criterion': 'entropy', 'model__max_depth': 3, 'model__min_samples_leaf': 4, 'model__min_samples_split': 10}",0.9315068493150684,0.935064935064935,0.8947368421052632,0.9113924050632911,0.9047619047619048,0.9154925872620925,0.01550673005901159,74,0.9587301587301588,0.9579288025889967,0.9576547231270358,0.9579288025889967,0.9426751592356688,0.9549835292541713,0.006164701966564245
0.009174966812133789,0.0033820120516414322,0.006330442428588867,0.0005966918960110928,balanced,entropy,7,2,10,"{'model__class_weight': 'balanced', 'model__criterion': 'entropy', 'model__max_depth': 7, 'model__min_samples_leaf': 2, 'model__min_samples_split': 10}",0.9315068493150684,0.8974358974358975,0.9090909090909091,0.9,0.9382716049382716,0.9152610521560293,0.016625991602468325,77,0.9773462783171522,0.9620253164556962,0.9646302250803859,0.9615384615384616,0.9741935483870968,0.9679467659557586,0.0065498472721281335
0.007857751846313477,0.0015153696612370247,0.0072326183319091795,0.002938384852002275,balanced,entropy,3,4,10,"{'model__class_weight': 'balanced', 'model__criterion': 'entropy', 'model__max_depth': 3, 'model__min_samples_leaf': 4, 'model__min_samples_split': 10}",0.9459459459459459,0.935064935064935,0.9090909090909091,0.8809523809523809,0.9047619047619048,0.9151632151632152,0.023061206846086583,78,0.9589905362776026,0.9579288025889967,0.9551282051282052,0.9470404984423676,0.9556962025316456,0.9549568489937637,0.004203516478078807
0.007420253753662109,0.0009395467208005645,0.006296014785766602,0.001121298172201718,balanced,entropy,3,4,2,"{'model__class_weight': 'balanced', 'model__criterion': 'entropy', 'model__max_depth': 3, 'model__min_samples_leaf': 4, 'model__min_samples_split': 2}",0.9459459459459459,0.935064935064935,0.9090909090909091,0.8809523809523809,0.9047619047619048,0.9151632151632152,0.023061206846086583,78,0.9589905362776026,0.9579288025889967,0.9551282051282052,0.9470404984423676,0.9556962025316456,0.9549568489937637,0.004203516478078807
0.008245706558227539,0.0011233635670812067,0.007325410842895508,0.001385808584766876,balanced,entropy,3,4,5,"{'model__class_weight': 'balanced', 'model__criterion': 'entropy', 'model__max_depth': 3, 'model__min_samples_leaf': 4, 'model__min_samples_split': 5}",0.9459459459459459,0.935064935064935,0.9090909090909091,0.8809523809523809,0.9047619047619048,0.9151632151632152,0.023061206846086583,78,0.9589905362776026,0.9579288025889967,0.9551282051282052,0.9470404984423676,0.9556962025316456,0.9549568489937637,0.004203516478078807
0.00755000114440918,0.001426265144141933,0.007374238967895508,0.0012299861886678049,,gini,7,4,5,"{'model__class_weight': None, 'model__criterion': 'gini', 'model__max_depth': 7, 'model__min_samples_leaf': 4, 'model__min_samples_split': 5}",0.9166666666666666,0.918918918918919,0.9066666666666666,0.9230769230769231,0.9090909090909091,0.9148840168840169,0.006126449690673264,81,0.9636963696369637,0.9664429530201343,0.9632107023411371,0.9602649006622517,0.9668874172185431,0.9641004685758061,0.0024050312776923237
0.006095981597900391,0.0001984617562204804,0.006108379364013672,0.0008940739517109466,,gini,10,4,2,"{'model__class_weight': None, 'model__criterion': 'gini', 'model__max_depth': 10, 'model__min_samples_leaf': 4, 'model__min_samples_split': 2}",0.9166666666666666,0.918918918918919,0.9066666666666666,0.9230769230769231,0.9090909090909091,0.9148840168840169,0.006126449690673264,81,0.9636963696369637,0.9664429530201343,0.9632107023411371,0.9602649006622517,0.9668874172185431,0.9641004685758061,0.0024050312776923237
0.008869457244873046,0.0023959982567526308,0.007164382934570312,0.0007606901390048654,,gini,7,4,2,"{'model__class_weight': None, 'model__criterion': 'gini', 'model__max_depth': 7, 'model__min_samples_leaf': 4, 'model__min_samples_split': 2}",0.9166666666666666,0.918918918918919,0.9066666666666666,0.9230769230769231,0.9090909090909091,0.9148840168840169,0.006126449690673264,81,0.9636963696369637,0.9664429530201343,0.9632107023411371,0.9602649006622517,0.9668874172185431,0.9641004685758061,0.0024050312776923237
0.017947578430175783,0.010646743022617037,0.00915842056274414,0.0030222670938075545,,gini,,4,2,"{'model__class_weight': None, 'model__criterion': 'gini', 'model__max_depth': None, 'model__min_samples_leaf': 4, 'model__min_samples_split': 2}",0.9166666666666666,0.918918918918919,0.9066666666666666,0.9230769230769231,0.9090909090909091,0.9148840168840169,0.006126449690673264,81,0.9636963696369637,0.9664429530201343,0.9632107023411371,0.9602649006622517,0.9668874172185431,0.9641004685758061,0.0024050312776923237
0.006837797164916992,0.00041250585334096036,0.010409736633300781,0.0031599810695996885,,gini,10,4,5,"{'model__class_weight': None, 'model__criterion': 'gini', 'model__max_depth': 10, 'model__min_samples_leaf': 4, 'model__min_samples_split': 5}",0.9166666666666666,0.918918918918919,0.9066666666666666,0.9230769230769231,0.9090909090909091,0.9148840168840169,0.006126449690673264,81,0.9636963696369637,0.9664429530201343,0.9632107023411371,0.9602649006622517,0.9668874172185431,0.9641004685758061,0.0024050312776923237
0.014277505874633788,0.010435353200363824,0.007075595855712891,0.001773232641291577,,gini,,4,5,"{'model__class_weight': None, 'model__criterion': 'gini', 'model__max_depth': None, 'model__min_samples_leaf': 4, 'model__min_samples_split': 5}",0.9166666666666666,0.918918918918919,0.9066666666666666,0.9230769230769231,0.9090909090909091,0.9148840168840169,0.006126449690673264,81,0.9636963696369637,0.9664429530201343,0.9632107023411371,0.9602649006622517,0.9668874172185431,0.9641004685758061,0.0024050312776923237
0.007769489288330078,0.0012887037648109676,0.005712747573852539,0.00024144930958908446,balanced,entropy,,1,2,"{'model__class_weight': 'balanced', 'model__criterion': 'entropy', 'model__max_depth': None, 'model__min_samples_leaf': 1, 'model__min_samples_split': 2}",0.9315068493150684,0.8405797101449275,0.9210526315789473,0.9066666666666666,0.9743589743589743,0.9148329664129168,0.04345177268133396,87,1.0,1.0,1.0,1.0,1.0,1.0,0.0
0.008942651748657226,0.002360731167288094,0.006413507461547852,0.0013059125366367916,balanced,entropy,10,1,2,"{'model__class_weight': 'balanced', 'model__criterion': 'entropy', 'model__max_depth': 10, 'model__min_samples_leaf': 1, 'model__min_samples_split': 2}",0.9315068493150684,0.8405797101449275,0.9210526315789473,0.9066666666666666,0.9743589743589743,0.9148329664129168,0.04345177268133396,87,1.0,1.0,1.0,1.0,1.0,1.0,0.0
0.00880746841430664,0.002692866047479868,0.00783076286315918,0.0029876379870858592,balanced,entropy,7,1,2,"{'model__class_weight': 'balanced', 'model__criterion': 'entropy', 'model__max_depth': 7, 'model__min_samples_leaf': 1, 'model__min_samples_split': 2}",0.9315068493150684,0.8571428571428571,0.9090909090909091,0.9113924050632911,0.9620253164556962,0.9142316674135644,0.034282024045971866,89,0.9901639344262295,0.990228013029316,0.9967213114754099,0.987012987012987,0.990228013029316,0.9908708517946516,0.003176073508972975
0.007122659683227539,0.0007383803394377993,0.007066059112548828,0.0018559961589934538,,gini,5,2,2,"{'model__class_weight': None, 'model__criterion': 'gini', 'model__max_depth': 5, 'model__min_samples_leaf': 2, 'model__min_samples_split': 2}",0.9295774647887324,0.8450704225352113,0.935064935064935,0.9113924050632911,0.95,0.9142210454904338,0.03671574810300937,90,0.9735099337748344,0.9706840390879479,0.976897689768977,0.9706840390879479,0.970873786407767,0.9725298976254948,0.0024329065296237935
0.008075237274169922,0.0011219156553731182,0.005527687072753906,0.0002836126003106932,balanced,entropy,5,2,2,"{'model__class_weight': 'balanced', 'model__criterion': 'entropy', 'model__max_depth': 5, 'model__min_samples_leaf': 2, 'model__min_samples_split': 2}",0.9459459459459459,0.8974358974358975,0.9090909090909091,0.8780487804878049,0.9382716049382716,0.9137586275797658,0.02529949334337131,91,0.9589905362776026,0.9712460063897763,0.9650793650793651,0.9681528662420382,0.9681528662420382,0.9663243280461641,0.004153178447378459
0.008566999435424804,0.0012688556912445706,0.007063627243041992,0.0028995796983765218,balanced,entropy,5,2,5,"{'model__class_weight': 'balanced', 'model__criterion': 'entropy', 'model__max_depth': 5, 'model__min_samples_leaf': 2, 'model__min_samples_split': 5}",0.9459459459459459,0.8974358974358975,0.9090909090909091,0.8780487804878049,0.9382716049382716,0.9137586275797658,0.02529949334337131,91,0.9589905362776026,0.9712460063897763,0.9650793650793651,0.9681528662420382,0.9681528662420382,0.9663243280461641,0.004153178447378459
0.006476688385009766,0.0010341170253323213,0.006584835052490234,0.0008665101894989122,,entropy,7,4,2,"{'model__class_weight': None, 'model__criterion': 'entropy', 'model__max_depth': 7, 'model__min_samples_leaf': 4, 'model__min_samples_split': 2}",0.9166666666666666,0.918918918918919,0.9066666666666666,0.918918918918919,0.9047619047619048,0.9131866151866153,0.0061857068295479364,93,0.9738562091503268,0.9664429530201343,0.9632107023411371,0.9629629629629629,0.9771986970684039,0.9687343049085928,0.0057783856629667115
0.006976413726806641,0.0012834795356212855,0.00618128776550293,0.0004182932965552392,,entropy,,4,2,"{'model__class_weight': None, 'model__criterion': 'entropy', 'model__max_depth': None, 'model__min_samples_leaf': 4, 'model__min_samples_split': 2}",0.9166666666666666,0.918918918918919,0.9066666666666666,0.918918918918919,0.9047619047619048,0.9131866151866153,0.0061857068295479364,93,0.9738562091503268,0.9664429530201343,0.9632107023411371,0.9629629629629629,0.9771986970684039,0.9687343049085928,0.0057783856629667115
0.009792613983154296,0.004852965611464264,0.012987804412841798,0.009680885208135532,,entropy,10,4,5,"{'model__class_weight': None, 'model__criterion': 'entropy', 'model__max_depth': 10, 'model__min_samples_leaf': 4, 'model__min_samples_split': 5}",0.9166666666666666,0.918918918918919,0.9066666666666666,0.918918918918919,0.9047619047619048,0.9131866151866153,0.0061857068295479364,93,0.9738562091503268,0.9664429530201343,0.9632107023411371,0.9629629629629629,0.9771986970684039,0.9687343049085928,0.0057783856629667115
0.009047174453735351,0.0030338084773492073,0.012535905838012696,0.0065347540594513,,entropy,7,4,5,"{'model__class_weight': None, 'model__criterion': 'entropy', 'model__max_depth': 7, 'model__min_samples_leaf': 4, 'model__min_samples_split': 5}",0.9166666666666666,0.918918918918919,0.9066666666666666,0.918918918918919,0.9047619047619048,0.9131866151866153,0.0061857068295479364,93,0.9738562091503268,0.9664429530201343,0.9632107023411371,0.9629629629629629,0.9771986970684039,0.9687343049085928,0.0057783856629667115
0.008621311187744141,0.0018355857249835342,0.006587457656860351,0.001500021160004113,,entropy,,4,5,"{'model__class_weight': None, 'model__criterion': 'entropy', 'model__max_depth': None, 'model__min_samples_leaf': 4, 'model__min_samples_split': 5}",0.9166666666666666,0.918918918918919,0.9066666666666666,0.918918918918919,0.9047619047619048,0.9131866151866153,0.0061857068295479364,93,0.9738562091503268,0.9664429530201343,0.9632107023411371,0.9629629629629629,0.9771986970684039,0.9687343049085928,0.0057783856629667115
0.010207891464233398,0.004826069389356803,0.011375188827514648,0.004002034565705142,,entropy,10,4,2,"{'model__class_weight': None, 'model__criterion': 'entropy', 'model__max_depth': 10, 'model__min_samples_leaf': 4, 'model__min_samples_split': 2}",0.9166666666666666,0.918918918918919,0.9066666666666666,0.918918918918919,0.9047619047619048,0.9131866151866153,0.0061857068295479364,93,0.9738562091503268,0.9664429530201343,0.9632107023411371,0.9629629629629629,0.9771986970684039,0.9687343049085928,0.0057783856629667115
0.007664394378662109,0.00048797471139895267,0.005817937850952149,0.0006041176288255479,balanced,entropy,3,2,10,"{'model__class_weight': 'balanced', 'model__criterion': 'entropy', 'model__max_depth': 3, 'model__min_samples_leaf': 2, 'model__min_samples_split': 10}",0.9459459459459459,0.9487179487179487,0.9090909090909091,0.8674698795180723,0.8941176470588236,0.91306846606634,0.03100322529128073,99,0.9589905362776026,0.9581993569131833,0.9646302250803859,0.95,0.9559748427672956,0.9575589922076935,0.004735179244029917
0.013174486160278321,0.0054688822171034684,0.008693599700927734,0.0039591641841027325,balanced,entropy,3,2,5,"{'model__class_weight': 'balanced', 'model__criterion': 'entropy', 'model__max_depth': 3, 'model__min_samples_leaf': 2, 'model__min_samples_split': 5}",0.9459459459459459,0.9487179487179487,0.9090909090909091,0.8674698795180723,0.8941176470588236,0.91306846606634,0.03100322529128073,99,0.9589905362776026,0.9581993569131833,0.9646302250803859,0.95,0.9559748427672956,0.9575589922076935,0.004735179244029917
0.008995246887207032,0.0029712713159582497,0.006099081039428711,0.0005793604360102489,balanced,entropy,3,2,2,"{'model__class_weight': 'balanced', 'model__criterion': 'entropy', 'model__max_depth': 3, 'model__min_samples_leaf': 2, 'model__min_samples_split': 2}",0.9459459459459459,0.9487179487179487,0.9090909090909091,0.8674698795180723,0.8941176470588236,0.91306846606634,0.03100322529128073,99,0.9589905362776026,0.9581993569131833,0.9646302250803859,0.95,0.9559748427672956,0.9575589922076935,0.004735179244029917
0.01162252426147461,0.004880422683008147,0.006369543075561523,0.0012081408294567439,balanced,gini,,2,2,"{'model__class_weight': 'balanced', 'model__criterion': 'gini', 'model__max_depth': None, 'model__min_samples_leaf': 2, 'model__min_samples_split': 2}",0.9315068493150684,0.8918918918918919,0.9210526315789473,0.8571428571428571,0.9620253164556962,0.9127239092768923,0.03571000281749635,102,0.9805194805194806,0.9838187702265372,0.9838187702265372,0.987012987012987,0.9837133550488599,0.9837766726068804,0.0020538054806484695
0.00786886215209961,0.001810060076213945,0.006300115585327148,0.0009433449635619802,balanced,gini,10,2,2,"{'model__class_weight': 'balanced', 'model__criterion': 'gini', 'model__max_depth': 10, 'model__min_samples_leaf': 2, 'model__min_samples_split': 2}",0.9315068493150684,0.8918918918918919,0.9210526315789473,0.8571428571428571,0.9620253164556962,0.9127239092768923,0.03571000281749635,102,0.9805194805194806,0.9838187702265372,0.9838187702265372,0.987012987012987,0.9837133550488599,0.9837766726068804,0.0020538054806484695
0.011362838745117187,0.005410672865470922,0.0071144580841064455,0.0034963369895452882,balanced,entropy,3,1,5,"{'model__class_weight': 'balanced', 'model__criterion': 'entropy', 'model__max_depth': 3, 'model__min_samples_leaf': 1, 'model__min_samples_split': 5}",0.9459459459459459,0.935064935064935,0.9090909090909091,0.8674698795180723,0.9047619047619048,0.9124667148763536,0.027302065213326975,104,0.9589905362776026,0.9612903225806452,0.9646302250803859,0.95,0.9589905362776026,0.9587803240432473,0.00485188424168234
0.007494831085205078,0.0005348061867115301,0.005774879455566406,0.0004743432296657699,balanced,entropy,3,1,10,"{'model__class_weight': 'balanced', 'model__criterion': 'entropy', 'model__max_depth': 3, 'model__min_samples_leaf': 1, 'model__min_samples_split': 10}",0.9459459459459459,0.935064935064935,0.9090909090909091,0.8674698795180723,0.9047619047619048,0.9124667148763536,0.027302065213326975,104,0.9589905362776026,0.9612903225806452,0.9646302250803859,0.95,0.9589905362776026,0.9587803240432473,0.00485188424168234
0.00785222053527832,0.0010938287877173265,0.005892038345336914,0.0005325674016714403,balanced,entropy,3,1,2,"{'model__class_weight': 'balanced', 'model__criterion': 'entropy', 'model__max_depth': 3, 'model__min_samples_leaf': 1, 'model__min_samples_split': 2}",0.9459459459459459,0.935064935064935,0.9090909090909091,0.8674698795180723,0.9047619047619048,0.9124667148763536,0.027302065213326975,104,0.9589905362776026,0.9612903225806452,0.9646302250803859,0.95,0.9589905362776026,0.9587803240432473,0.00485188424168234
0.008946657180786133,0.0028896086207060748,0.011403989791870118,0.004663944501304483,,gini,3,1,10,"{'model__class_weight': None, 'model__criterion': 'gini', 'model__max_depth': 3, 'model__min_samples_leaf': 1, 'model__min_samples_split': 10}",0.9014084507042254,0.935064935064935,0.8974358974358975,0.875,0.95,0.9117818566410115,0.02708891764876122,107,0.9612903225806452,0.9612903225806452,0.967741935483871,0.9556962025316456,0.9576547231270358,0.9607347012607687,0.004113186023200674
0.006258344650268555,0.000587041013314476,0.008269882202148438,0.0024656232893317596,,entropy,5,4,2,"{'model__class_weight': None, 'model__criterion': 'entropy', 'model__max_depth': 5, 'model__min_samples_leaf': 4, 'model__min_samples_split': 2}",0.9166666666666666,0.935064935064935,0.9066666666666666,0.8947368421052632,0.9047619047619048,0.9115794030530873,0.013650901699063564,108,0.9666666666666667,0.9579288025889967,0.9632107023411371,0.9634551495016611,0.9771986970684039,0.965692003633373,0.006399712881076235
0.007497978210449219,0.0007263636562403607,0.011388635635375977,0.006867057801324436,,entropy,5,4,10,"{'model__class_weight': None, 'model__criterion': 'entropy', 'model__max_depth': 5, 'model__min_samples_leaf': 4, 'model__min_samples_split': 10}",0.9166666666666666,0.935064935064935,0.9066666666666666,0.8947368421052632,0.9047619047619048,0.9115794030530873,0.013650901699063564,108,0.9666666666666667,0.9579288025889967,0.9632107023411371,0.9634551495016611,0.9771986970684039,0.965692003633373,0.006399712881076235
0.007489395141601562,0.0010123566682383462,0.0061623573303222655,0.0012182108239503881,,entropy,5,4,5,"{'model__class_weight': None, 'model__criterion': 'entropy', 'model__max_depth': 5, 'model__min_samples_leaf': 4, 'model__min_samples_split': 5}",0.9166666666666666,0.935064935064935,0.9066666666666666,0.8947368421052632,0.9047619047619048,0.9115794030530873,0.013650901699063564,108,0.9666666666666667,0.9579288025889967,0.9632107023411371,0.9634551495016611,0.9771986970684039,0.965692003633373,0.006399712881076235
0.008899354934692382,0.002730883987232097,0.007207345962524414,0.0028789969241812745,balanced,entropy,10,2,5,"{'model__class_weight': 'balanced', 'model__criterion': 'entropy', 'model__max_depth': 10, 'model__min_samples_leaf': 2, 'model__min_samples_split': 5}",0.9315068493150684,0.8947368421052632,0.9333333333333333,0.8888888888888888,0.9090909090909091,0.9115113645466926,0.01830320925677707,111,0.990228013029316,0.9837133550488599,0.9838187702265372,0.9806451612903225,0.9836065573770492,0.984402371394417,0.0031465340304027353
0.00970768928527832,0.004741007319214542,0.008182477951049805,0.0027298638138218184,balanced,entropy,,2,5,"{'model__class_weight': 'balanced', 'model__criterion': 'entropy', 'model__max_depth': None, 'model__min_samples_leaf': 2, 'model__min_samples_split': 5}",0.9315068493150684,0.8947368421052632,0.9333333333333333,0.8888888888888888,0.9090909090909091,0.9115113645466926,0.01830320925677707,111,0.990228013029316,0.9837133550488599,0.9838187702265372,0.9806451612903225,0.9836065573770492,0.984402371394417,0.0031465340304027353
0.007828569412231446,0.002772116540397373,0.007983064651489258,0.003785985921883582,,gini,5,2,5,"{'model__class_weight': None, 'model__criterion': 'gini', 'model__max_depth': 5, 'model__min_samples_leaf': 2, 'model__min_samples_split': 5}",0.9295774647887324,0.8450704225352113,0.9210526315789473,0.9113924050632911,0.95,0.9114185847932363,0.03553354668454099,113,0.9736842105263158,0.9706840390879479,0.9700996677740864,0.9706840390879479,0.970873786407767,0.9712051485768131,0.001266550199598514
0.007439279556274414,0.0014796868504346186,0.005473041534423828,0.0005451712532745849,,gini,3,1,5,"{'model__class_weight': None, 'model__criterion': 'gini', 'model__max_depth': 3, 'model__min_samples_leaf': 1, 'model__min_samples_split': 5}",0.9014084507042254,0.9473684210526315,0.8974358974358975,0.8607594936708861,0.95,0.911394452572728,0.03359456878178176,114,0.9612903225806452,0.961038961038961,0.967741935483871,0.9554140127388535,0.9576547231270358,0.9606279909938735,0.004177120461929516
0.006407976150512695,0.00028872724212401557,0.00592803955078125,0.001022180035159635,,gini,3,1,2,"{'model__class_weight': None, 'model__criterion': 'gini', 'model__max_depth': 3, 'model__min_samples_leaf': 1, 'model__min_samples_split': 2}",0.9014084507042254,0.9473684210526315,0.8974358974358975,0.8607594936708861,0.95,0.911394452572728,0.03359456878178176,114,0.9612903225806452,0.961038961038961,0.967741935483871,0.9554140127388535,0.9576547231270358,0.9606279909938735,0.004177120461929516
0.00821995735168457,0.0005212504124317732,0.007058286666870117,0.0012058411658774088,balanced,gini,10,1,10,"{'model__class_weight': 'balanced', 'model__criterion': 'gini', 'model__max_depth': 10, 'model__min_samples_leaf': 1, 'model__min_samples_split': 10}",0.9459459459459459,0.9066666666666666,0.8947368421052632,0.8571428571428571,0.95,0.9108984623721466,0.034426813700455174,116,0.9617834394904459,0.9712460063897763,0.9646302250803859,0.970873786407767,0.9620253164556962,0.9661117547648143,0.004163308936202295
0.011575698852539062,0.0029816168277192745,0.008729267120361327,0.003268777891968768,balanced,gini,7,1,10,"{'model__class_weight': 'balanced', 'model__criterion': 'gini', 'model__max_depth': 7, 'model__min_samples_leaf': 1, 'model__min_samples_split': 10}",0.9459459459459459,0.9066666666666666,0.8947368421052632,0.8571428571428571,0.95,0.9108984623721466,0.034426813700455174,116,0.9617834394904459,0.9712460063897763,0.9646302250803859,0.970873786407767,0.9620253164556962,0.9661117547648143,0.004163308936202295
0.010647153854370118,0.004518640005734866,0.006984519958496094,0.001671671294574249,balanced,gini,,1,10,"{'model__class_weight': 'balanced', 'model__criterion': 'gini', 'model__max_depth': None, 'model__min_samples_leaf': 1, 'model__min_samples_split': 10}",0.9459459459459459,0.9066666666666666,0.8947368421052632,0.8571428571428571,0.95,0.9108984623721466,0.034426813700455174,116,0.9617834394904459,0.9712460063897763,0.9646302250803859,0.970873786407767,0.9620253164556962,0.9661117547648143,0.004163308936202295
0.018617773056030275,0.018472664099964082,0.009751462936401367,0.002044337295678179,,gini,5,2,10,"{'model__class_weight': None, 'model__criterion': 'gini', 'model__max_depth': 5, 'model__min_samples_leaf': 2, 'model__min_samples_split': 10}",0.9166666666666666,0.8571428571428571,0.9210526315789473,0.9090909090909091,0.95,0.910790612895876,0.030193322979791947,119,0.9565217391304348,0.9671052631578947,0.9700996677740864,0.9641693811074918,0.9576547231270358,0.9631101548593886,0.00527456346155922
0.008228921890258789,0.0008711859066647043,0.006384754180908203,0.001185868172465667,balanced,entropy,10,1,5,"{'model__class_weight': 'balanced', 'model__criterion': 'entropy', 'model__max_depth': 10, 'model__min_samples_leaf': 1, 'model__min_samples_split': 5}",0.9315068493150684,0.88,0.9230769230769231,0.8974358974358975,0.9210526315789473,0.9106144602813673,0.01903512550783507,120,0.9934640522875817,0.9901639344262295,0.9934640522875817,0.987012987012987,0.9900990099009901,0.990840807183074,0.0024258382859472555
0.007578134536743164,0.0005337408522835787,0.005678987503051758,0.00040400993358714844,balanced,entropy,,1,5,"{'model__class_weight': 'balanced', 'model__criterion': 'entropy', 'model__max_depth': None, 'model__min_samples_leaf': 1, 'model__min_samples_split': 5}",0.9315068493150684,0.88,0.9230769230769231,0.8974358974358975,0.9210526315789473,0.9106144602813673,0.01903512550783507,120,0.9934640522875817,0.9901639344262295,0.9934640522875817,0.987012987012987,0.9900990099009901,0.990840807183074,0.0024258382859472555
0.006261634826660156,0.0004627198742431811,0.006140804290771485,0.0011244597359605674,,gini,5,1,2,"{'model__class_weight': None, 'model__criterion': 'gini', 'model__max_depth': 5, 'model__min_samples_leaf': 1, 'model__min_samples_split': 2}",0.8985507246376812,0.8695652173913043,0.9230769230769231,0.9090909090909091,0.95,0.9100567548393637,0.026600277475306442,122,0.9802631578947368,0.9770491803278688,0.9802631578947368,0.9773462783171522,0.9805194805194806,0.979088250990795,0.0015492907018223913
0.007802820205688477,0.0004894586427119094,0.0056359291076660155,0.00022232577372446877,balanced,entropy,10,2,2,"{'model__class_weight': 'balanced', 'model__criterion': 'entropy', 'model__max_depth': 10, 'model__min_samples_leaf': 2, 'model__min_samples_split': 2}",0.9315068493150684,0.8947368421052632,0.9210526315789473,0.8888888888888888,0.9090909090909091,0.9090552241958154,0.015872691474519883,123,0.990228013029316,0.9837133550488599,0.9838187702265372,0.9806451612903225,0.9837133550488599,0.9844237309287791,0.0031414176560297506
0.00814962387084961,0.0015425034602283786,0.008028459548950196,0.0034190485158250975,balanced,entropy,,2,2,"{'model__class_weight': 'balanced', 'model__criterion': 'entropy', 'model__max_depth': None, 'model__min_samples_leaf': 2, 'model__min_samples_split': 2}",0.9315068493150684,0.8947368421052632,0.9210526315789473,0.8888888888888888,0.9090909090909091,0.9090552241958154,0.015872691474519883,123,0.990228013029316,0.9837133550488599,0.9838187702265372,0.9806451612903225,0.9837133550488599,0.9844237309287791,0.0031414176560297506
0.01010756492614746,0.002841093156765276,0.006723642349243164,0.001266246366301249,balanced,gini,7,1,2,"{'model__class_weight': 'balanced', 'model__criterion': 'gini', 'model__max_depth': 7, 'model__min_samples_leaf': 1, 'model__min_samples_split': 2}",0.9295774647887324,0.9041095890410958,0.9090909090909091,0.8493150684931506,0.95,0.9084186062827776,0.033731164808368144,125,0.993421052631579,0.990228013029316,0.9967213114754099,0.9967213114754099,0.987012987012987,0.9928209351249404,0.0037746925341674577
0.0065651416778564455,0.0010316338405726613,0.009049701690673827,0.006092777335969969,,gini,5,1,5,"{'model__class_weight': None, 'model__criterion': 'gini', 'model__max_depth': 5, 'model__min_samples_leaf': 1, 'model__min_samples_split': 5}",0.8985507246376812,0.8695652173913043,0.9090909090909091,0.9090909090909091,0.95,0.9072595520421608,0.025807596433796515,126,0.9738562091503268,0.9736842105263158,0.9735099337748344,0.9706840390879479,0.977491961414791,0.9738452707908433,0.0021647285907015136
0.009849882125854493,0.002087261338928271,0.006396102905273438,0.0003313796083975981,balanced,gini,7,1,5,"{'model__class_weight': 'balanced', 'model__criterion': 'gini', 'model__max_depth': 7, 'model__min_samples_leaf': 1, 'model__min_samples_split': 5}",0.9459459459459459,0.9066666666666666,0.9090909090909091,0.821917808219178,0.95,0.90672426598454,0.04606271578957163,127,0.9773462783171522,0.9806451612903225,0.9934640522875817,0.990228013029316,0.9838187702265372,0.985100455030182,0.00596424722592359
0.012612438201904297,0.004101863613807619,0.00883622169494629,0.005274307701718897,balanced,gini,,1,2,"{'model__class_weight': 'balanced', 'model__criterion': 'gini', 'model__max_depth': None, 'model__min_samples_leaf': 1, 'model__min_samples_split': 2}",0.958904109589041,0.8695652173913043,0.9210526315789473,0.821917808219178,0.9620253164556962,0.9066930166468333,0.05396141141754465,128,1.0,1.0,1.0,1.0,1.0,1.0,0.0
0.009198808670043945,0.0016365090144495817,0.007004261016845703,0.0029584604483873975,balanced,gini,10,1,2,"{'model__class_weight': 'balanced', 'model__criterion': 'gini', 'model__max_depth': 10, 'model__min_samples_leaf': 1, 'model__min_samples_split': 2}",0.958904109589041,0.8695652173913043,0.9210526315789473,0.821917808219178,0.9620253164556962,0.9066930166468333,0.05396141141754465,128,1.0,1.0,1.0,1.0,0.9967213114754099,0.999344262295082,0.0013114754098360493
0.009137868881225586,0.0030777460378701967,0.007635641098022461,0.004267786833185526,,gini,,4,10,"{'model__class_weight': None, 'model__criterion': 'gini', 'model__max_depth': None, 'model__min_samples_leaf': 4, 'model__min_samples_split': 10}",0.9166666666666666,0.9041095890410958,0.9066666666666666,0.8947368421052632,0.9090909090909091,0.9062541347141202,0.007125803790748078,130,0.9565217391304348,0.9664429530201343,0.9632107023411371,0.9602649006622517,0.9668874172185431,0.9626655424745003,0.00389614313664453
0.007562875747680664,0.0017207157543791204,0.007191610336303711,0.002447585714847686,,gini,10,4,10,"{'model__class_weight': None, 'model__criterion': 'gini', 'model__max_depth': 10, 'model__min_samples_leaf': 4, 'model__min_samples_split': 10}",0.9166666666666666,0.9041095890410958,0.9066666666666666,0.8947368421052632,0.9090909090909091,0.9062541347141202,0.007125803790748078,130,0.9565217391304348,0.9664429530201343,0.9632107023411371,0.9602649006622517,0.9668874172185431,0.9626655424745003,0.00389614313664453
0.011635637283325196,0.004377400988180377,0.00637211799621582,0.0008700936697422813,,gini,7,4,10,"{'model__class_weight': None, 'model__criterion': 'gini', 'model__max_depth': 7, 'model__min_samples_leaf': 4, 'model__min_samples_split': 10}",0.9166666666666666,0.9041095890410958,0.9066666666666666,0.8947368421052632,0.9090909090909091,0.9062541347141202,0.007125803790748078,130,0.9565217391304348,0.9664429530201343,0.9632107023411371,0.9602649006622517,0.9668874172185431,0.9626655424745003,0.00389614313664453
0.00654444694519043,0.0010365505799343235,0.00583500862121582,0.0005816635173595574,,entropy,7,4,10,"{'model__class_weight': None, 'model__criterion': 'entropy', 'model__max_depth': 7, 'model__min_samples_leaf': 4, 'model__min_samples_split': 10}",0.9166666666666666,0.9041095890410958,0.9066666666666666,0.8947368421052632,0.9047619047619048,0.9053883338483194,0.006990233243470126,133,0.9738562091503268,0.9664429530201343,0.9632107023411371,0.9634551495016611,0.9771986970684039,0.9688327422163325,0.005682628771779307
0.008268642425537109,0.0034931819805713205,0.006638479232788086,0.0014173774051948324,,entropy,,4,10,"{'model__class_weight': None, 'model__criterion': 'entropy', 'model__max_depth': None, 'model__min_samples_leaf': 4, 'model__min_samples_split': 10}",0.9166666666666666,0.9041095890410958,0.9066666666666666,0.8947368421052632,0.9047619047619048,0.9053883338483194,0.006990233243470126,133,0.9738562091503268,0.9664429530201343,0.9632107023411371,0.9634551495016611,0.9771986970684039,0.9688327422163325,0.005682628771779307
0.006671476364135742,0.0009267753989340246,0.007003641128540039,0.0011461553722150965,,entropy,10,4,10,"{'model__class_weight': None, 'model__criterion': 'entropy', 'model__max_depth': 10, 'model__min_samples_leaf': 4, 'model__min_samples_split': 10}",0.9166666666666666,0.9041095890410958,0.9066666666666666,0.8947368421052632,0.9047619047619048,0.9053883338483194,0.006990233243470126,133,0.9738562091503268,0.9664429530201343,0.9632107023411371,0.9634551495016611,0.9771986970684039,0.9688327422163325,0.005682628771779307
0.011097145080566407,0.005374067104370569,0.009006738662719727,0.0038224511378495995,,gini,5,1,10,"{'model__class_weight': None, 'model__criterion': 'gini', 'model__max_depth': 5, 'model__min_samples_leaf': 1, 'model__min_samples_split': 10}",0.9014084507042254,0.8571428571428571,0.9090909090909091,0.9090909090909091,0.95,0.90534662520578,0.02953328860119277,136,0.9636963696369637,0.9738562091503268,0.9735099337748344,0.9675324675324676,0.9576547231270358,0.9672499406443258,0.006125458107250292
0.012817716598510743,0.007049126852654799,0.008279657363891602,0.0027823741865528545,balanced,gini,,1,5,"{'model__class_weight': 'balanced', 'model__criterion': 'gini', 'model__max_depth': None, 'model__min_samples_leaf': 1, 'model__min_samples_split': 5}",0.9459459459459459,0.8767123287671232,0.9090909090909091,0.821917808219178,0.95,0.9007333984046314,0.04760279301808875,137,0.9773462783171522,0.990228013029316,0.9934640522875817,0.990228013029316,0.990228013029316,0.9882988739385364,0.005617884853176208
0.007393836975097656,0.0006894769339059277,0.006087350845336914,0.0005060559648640553,balanced,gini,10,1,5,"{'model__class_weight': 'balanced', 'model__criterion': 'gini', 'model__max_depth': 10, 'model__min_samples_leaf': 1, 'model__min_samples_split': 5}",0.9459459459459459,0.8767123287671232,0.9090909090909091,0.821917808219178,0.95,0.9007333984046314,0.04760279301808875,137,0.9773462783171522,0.990228013029316,0.9934640522875817,0.990228013029316,0.990228013029316,0.9882988739385364,0.005617884853176208
0.010484266281127929,0.0025547970092869533,0.006600809097290039,0.0005056468866812573,,gini,,1,2,"{'model__class_weight': None, 'model__criterion': 'gini', 'model__max_depth': None, 'model__min_samples_leaf': 1, 'model__min_samples_split': 2}",0.9142857142857143,0.8857142857142857,0.935064935064935,0.8450704225352113,0.9210526315789473,0.9002375978358188,0.03193087048489415,139,1.0,1.0,1.0,1.0,1.0,1.0,0.0
0.007689380645751953,0.001763921630621094,0.008608245849609375,0.0023537254432802555,,gini,10,1,2,"{'model__class_weight': None, 'model__criterion': 'gini', 'model__max_depth': 10, 'model__min_samples_leaf': 1, 'model__min_samples_split': 2}",0.9142857142857143,0.8857142857142857,0.935064935064935,0.8450704225352113,0.9210526315789473,0.9002375978358188,0.03193087048489415,139,1.0,1.0,1.0,1.0,1.0,1.0,0.0
0.007546663284301758,0.001003741685681417,0.02704343795776367,0.018517878165293954,,gini,7,1,2,"{'model__class_weight': None, 'model__criterion': 'gini', 'model__max_depth': 7, 'model__min_samples_leaf': 1, 'model__min_samples_split': 2}",0.9142857142857143,0.8857142857142857,0.935064935064935,0.8169014084507042,0.9473684210526315,0.8998669529136543,0.04644731996417959,141,1.0,0.993421052631579,0.9933774834437086,0.9967213114754099,0.9966996699669967,0.9960439035035389,0.002470981721351596
0.008713960647583008,0.0029262693721099206,0.005692195892333984,0.00047604254795300137,,entropy,5,1,10,"{'model__class_weight': None, 'model__criterion': 'entropy', 'model__max_depth': 5, 'model__min_samples_leaf': 1, 'model__min_samples_split': 10}",0.9166666666666666,0.8571428571428571,0.9210526315789473,0.8947368421052632,0.9047619047619048,0.8988721804511279,0.022811148376907783,142,0.9666666666666667,0.9704918032786886,0.9700996677740864,0.9673202614379085,0.9803921568627451,0.9709941112040191,0.004931522134848625
0.007410430908203125,0.0011721276716189217,0.005615091323852539,0.0005011841088195862,,entropy,5,2,10,"{'model__class_weight': None, 'model__criterion': 'entropy', 'model__max_depth': 5, 'model__min_samples_leaf': 2, 'model__min_samples_split': 10}",0.9166666666666666,0.8571428571428571,0.9210526315789473,0.8947368421052632,0.9047619047619048,0.8988721804511279,0.022811148376907783,142,0.9666666666666667,0.9671052631578947,0.9700996677740864,0.9673202614379085,0.9803921568627451,0.9703168031798602,0.005180282770439385
0.008438205718994141,0.002784980436790566,0.005803346633911133,0.00045607097412253154,,entropy,5,1,5,"{'model__class_weight': None, 'model__criterion': 'entropy', 'model__max_depth': 5, 'model__min_samples_leaf': 1, 'model__min_samples_split': 5}",0.9166666666666666,0.8450704225352113,0.9230769230769231,0.8974358974358975,0.9047619047619048,0.8974023628953207,0.027651735581040424,144,0.9700996677740864,0.974025974025974,0.976897689768977,0.9771986970684039,0.9901639344262295,0.977677192612734,0.00674545155841904
0.006889200210571289,0.001422734695566306,0.011126041412353516,0.011301131203847953,,entropy,5,2,2,"{'model__class_weight': None, 'model__criterion': 'entropy', 'model__max_depth': 5, 'model__min_samples_leaf': 2, 'model__min_samples_split': 2}",0.9166666666666666,0.8450704225352113,0.9210526315789473,0.8974358974358975,0.9047619047619048,0.8969975045957256,0.027285252501284045,145,0.9666666666666667,0.9706840390879479,0.9700996677740864,0.9738562091503268,0.9868421052631579,0.9736297375884371,0.006989146416436416
0.007891845703125,0.0028186141864237797,0.006543636322021484,0.001238241373024999,,entropy,7,1,2,"{'model__class_weight': None, 'model__criterion': 'entropy', 'model__max_depth': 7, 'model__min_samples_leaf': 1, 'model__min_samples_split': 2}",0.9166666666666666,0.9014084507042254,0.9066666666666666,0.8533333333333334,0.9047619047619048,0.8965674044265594,0.022206962459974826,146,0.9901639344262295,0.9900990099009901,0.9967213114754099,0.9967213114754099,1.0,0.9947411134556079,0.003949631612209426
0.009999465942382813,0.0026362797750927995,0.0102935791015625,0.006220370277606558,,gini,,2,10,"{'model__class_weight': None, 'model__criterion': 'gini', 'model__max_depth': None, 'model__min_samples_leaf': 2, 'model__min_samples_split': 10}",0.9166666666666666,0.835820895522388,0.9210526315789473,0.8947368421052632,0.9090909090909091,0.8954735889928349,0.031137925434492494,147,0.9565217391304348,0.9662162162162162,0.9700996677740864,0.9704918032786886,0.9634551495016611,0.9653569151802174,0.0051239872120786385
0.010235357284545898,0.0044485716649162585,0.014298629760742188,0.008405726533109321,,gini,7,2,10,"{'model__class_weight': None, 'model__criterion': 'gini', 'model__max_depth': 7, 'model__min_samples_leaf': 2, 'model__min_samples_split': 10}",0.9166666666666666,0.835820895522388,0.9210526315789473,0.8947368421052632,0.9090909090909091,0.8954735889928349,0.031137925434492494,147,0.9565217391304348,0.9662162162162162,0.9700996677740864,0.9704918032786886,0.9634551495016611,0.9653569151802174,0.0051239872120786385
0.008482885360717774,0.0021799382692919253,0.005989646911621094,0.0006458365557564804,,gini,10,2,10,"{'model__class_weight': None, 'model__criterion': 'gini', 'model__max_depth': 10, 'model__min_samples_leaf': 2, 'model__min_samples_split': 10}",0.9166666666666666,0.835820895522388,0.9210526315789473,0.8947368421052632,0.9090909090909091,0.8954735889928349,0.031137925434492494,147,0.9565217391304348,0.9662162162162162,0.9700996677740864,0.9704918032786886,0.9634551495016611,0.9653569151802174,0.0051239872120786385
0.009200763702392579,0.002452045470099071,0.005846500396728516,0.0006437404949630743,,gini,10,2,5,"{'model__class_weight': None, 'model__criterion': 'gini', 'model__max_depth': 10, 'model__min_samples_leaf': 2, 'model__min_samples_split': 5}",0.9295774647887324,0.8484848484848485,0.918918918918919,0.8571428571428571,0.9230769230769231,0.895440202482456,0.03507672464067627,150,0.9735099337748344,0.98,0.98,0.9868421052631579,0.9834983498349835,0.9807700777745951,0.004431900646730918
0.008008098602294922,0.0016511254902119442,0.01654958724975586,0.02082960685240469,,gini,,2,5,"{'model__class_weight': None, 'model__criterion': 'gini', 'model__max_depth': None, 'model__min_samples_leaf': 2, 'model__min_samples_split': 5}",0.9295774647887324,0.8484848484848485,0.918918918918919,0.8571428571428571,0.9230769230769231,0.895440202482456,0.03507672464067627,150,0.9735099337748344,0.98,0.98,0.9868421052631579,0.9834983498349835,0.9807700777745951,0.004431900646730918
0.00692133903503418,0.0011347131697510041,0.00569915771484375,0.0003767786972708744,,entropy,5,2,5,"{'model__class_weight': None, 'model__criterion': 'entropy', 'model__max_depth': 5, 'model__min_samples_leaf': 2, 'model__min_samples_split': 5}",0.9166666666666666,0.8450704225352113,0.9066666666666666,0.8974358974358975,0.9047619047619048,0.8941203116132694,0.02528191995864974,152,0.9666666666666667,0.9706840390879479,0.9700996677740864,0.9738562091503268,0.9868421052631579,0.9736297375884371,0.006989146416436416
0.007951116561889649,0.0023660026189707244,0.011014890670776368,0.007449553173788904,,entropy,10,1,2,"{'model__class_weight': None, 'model__criterion': 'entropy', 'model__max_depth': 10, 'model__min_samples_leaf': 1, 'model__min_samples_split': 2}",0.8857142857142857,0.8985507246376812,0.9066666666666666,0.8648648648648649,0.9047619047619048,0.8921116893290806,0.015470311618673255,153,1.0,1.0,1.0,1.0,1.0,1.0,0.0
0.00789642333984375,0.0009733141040753803,0.006171989440917969,0.0009664245317474932,,entropy,,1,2,"{'model__class_weight': None, 'model__criterion': 'entropy', 'model__max_depth': None, 'model__min_samples_leaf': 1, 'model__min_samples_split': 2}",0.8857142857142857,0.8985507246376812,0.9066666666666666,0.8648648648648649,0.9047619047619048,0.8921116893290806,0.015470311618673255,153,1.0,1.0,1.0,1.0,1.0,1.0,0.0
0.007134199142456055,0.0014444654576258682,0.006286001205444336,0.0005845857597658783,,entropy,5,1,2,"{'model__class_weight': None, 'model__criterion': 'entropy', 'model__max_depth': 5, 'model__min_samples_leaf': 1, 'model__min_samples_split': 2}",0.9166666666666666,0.8450704225352113,0.8947368421052632,0.8974358974358975,0.9047619047619048,0.8917343467009887,0.024537246487274556,155,0.9700996677740864,0.9773462783171522,0.9802631578947368,0.9805194805194806,0.9901639344262295,0.9796785037863371,0.006452700101273232
0.013211441040039063,0.004697710021662212,0.020467567443847656,0.009146091955234177,,gini,7,2,5,"{'model__class_weight': None, 'model__criterion': 'gini', 'model__max_depth': 7, 'model__min_samples_leaf': 2, 'model__min_samples_split': 5}",0.9295774647887324,0.8484848484848485,0.918918918918919,0.8311688311688312,0.9230769230769231,0.890245397287651,0.04166791466584952,156,0.9735099337748344,0.98,0.98,0.9869281045751634,0.9834983498349835,0.9807872776369961,0.004455536191992898
0.007031106948852539,0.001192535085681964,0.006313896179199219,0.0007555990196192245,,entropy,7,1,10,"{'model__class_weight': None, 'model__criterion': 'entropy', 'model__max_depth': 7, 'model__min_samples_leaf': 1, 'model__min_samples_split': 10}",0.8857142857142857,0.8529411764705882,0.9210526315789473,0.88,0.9047619047619048,0.8888939997051452,0.023098862851833858,157,0.9770491803278688,0.9733333333333334,0.9700996677740864,0.9736842105263158,0.9837133550488599,0.9755759494020928,0.004625698721186338
0.0065826416015625,0.0011129719897322865,0.006302499771118164,0.001268737828659278,,entropy,7,2,10,"{'model__class_weight': None, 'model__criterion': 'entropy', 'model__max_depth': 7, 'model__min_samples_leaf': 2, 'model__min_samples_split': 10}",0.8857142857142857,0.8529411764705882,0.9210526315789473,0.88,0.9047619047619048,0.8888939997051452,0.023098862851833858,157,0.9770491803278688,0.9698996655518395,0.9700996677740864,0.9736842105263158,0.9803921568627451,0.9742249762085711,0.004050411228718568
0.009969377517700195,0.004159991324740723,0.017079257965087892,0.01787127264573833,,entropy,10,2,10,"{'model__class_weight': None, 'model__criterion': 'entropy', 'model__max_depth': 10, 'model__min_samples_leaf': 2, 'model__min_samples_split': 10}",0.8857142857142857,0.8529411764705882,0.9210526315789473,0.88,0.9047619047619048,0.8888939997051452,0.023098862851833858,157,0.9770491803278688,0.9698996655518395,0.9700996677740864,0.9736842105263158,0.9803921568627451,0.9742249762085711,0.004050411228718568
0.012117242813110352,0.0068186068291587396,0.010442304611206054,0.0034788337850752103,,entropy,10,1,10,"{'model__class_weight': None, 'model__criterion': 'entropy', 'model__max_depth': 10, 'model__min_samples_leaf': 1, 'model__min_samples_split': 10}",0.8857142857142857,0.8529411764705882,0.9210526315789473,0.88,0.9047619047619048,0.8888939997051452,0.023098862851833858,157,0.9770491803278688,0.9733333333333334,0.9700996677740864,0.9736842105263158,0.9837133550488599,0.9755759494020928,0.004625698721186338
0.008638811111450196,0.0023853631946124778,0.008958673477172852,0.004544587079877253,,entropy,,1,10,"{'model__class_weight': None, 'model__criterion': 'entropy', 'model__max_depth': None, 'model__min_samples_leaf': 1, 'model__min_samples_split': 10}",0.8857142857142857,0.8529411764705882,0.9210526315789473,0.88,0.9047619047619048,0.8888939997051452,0.023098862851833858,157,0.9770491803278688,0.9733333333333334,0.9700996677740864,0.9736842105263158,0.9837133550488599,0.9755759494020928,0.004625698721186338
0.009717369079589843,0.003232489757629988,0.006977558135986328,0.002200863364095096,,entropy,,2,10,"{'model__class_weight': None, 'model__criterion': 'entropy', 'model__max_depth': None, 'model__min_samples_leaf': 2, 'model__min_samples_split': 10}",0.8857142857142857,0.8529411764705882,0.9210526315789473,0.88,0.9047619047619048,0.8888939997051452,0.023098862851833858,157,0.9770491803278688,0.9698996655518395,0.9700996677740864,0.9736842105263158,0.9803921568627451,0.9742249762085711,0.004050411228718568
0.019169425964355467,0.024207610362151515,0.007739925384521484,0.00218165900469115,,gini,7,1,5,"{'model__class_weight': None, 'model__criterion': 'gini', 'model__max_depth': 7, 'model__min_samples_leaf': 1, 'model__min_samples_split': 5}",0.9142857142857143,0.8484848484848485,0.9210526315789473,0.8333333333333334,0.9230769230769231,0.8880466901519533,0.03889392370591217,163,0.9803921568627451,0.9834983498349835,0.9866666666666667,0.9867549668874173,0.9934640522875817,0.9861552385078788,0.004343090126300329
0.009268236160278321,0.0029137064940170663,0.008682441711425782,0.0032762357885187557,,gini,,1,5,"{'model__class_weight': None, 'model__criterion': 'gini', 'model__max_depth': None, 'model__min_samples_leaf': 1, 'model__min_samples_split': 5}",0.9142857142857143,0.8484848484848485,0.9210526315789473,0.8333333333333334,0.9230769230769231,0.8880466901519533,0.03889392370591217,163,0.9803921568627451,0.9834983498349835,0.9866666666666667,0.9867549668874173,0.9934640522875817,0.9861552385078788,0.004343090126300329
0.006255817413330078,0.00034164184115387426,0.009972667694091797,0.0033265457680314186,,gini,10,1,5,"{'model__class_weight': None, 'model__criterion': 'gini', 'model__max_depth': 10, 'model__min_samples_leaf': 1, 'model__min_samples_split': 5}",0.9142857142857143,0.8484848484848485,0.9210526315789473,0.8333333333333334,0.9230769230769231,0.8880466901519533,0.03889392370591217,163,0.9803921568627451,0.9834983498349835,0.9866666666666667,0.9867549668874173,0.9934640522875817,0.9861552385078788,0.004343090126300329
0.01100311279296875,0.0037693654987324796,0.007178592681884766,0.0020357725035967922,,gini,,1,10,"{'model__class_weight': None, 'model__criterion': 'gini', 'model__max_depth': None, 'model__min_samples_leaf': 1, 'model__min_samples_split': 10}",0.9014084507042254,0.835820895522388,0.9090909090909091,0.88,0.9090909090909091,0.8870822328816862,0.027755672949931802,166,0.9636963696369637,0.9731543624161074,0.9735099337748344,0.9770491803278688,0.9634551495016611,0.970172999131487,0.005556649367246604
0.014931249618530273,0.013682712826180655,0.025742340087890624,0.018656496099659893,,gini,7,1,10,"{'model__class_weight': None, 'model__criterion': 'gini', 'model__max_depth': 7, 'model__min_samples_leaf': 1, 'model__min_samples_split': 10}",0.9014084507042254,0.835820895522388,0.9090909090909091,0.88,0.9090909090909091,0.8870822328816862,0.027755672949931802,166,0.9636963696369637,0.9731543624161074,0.9735099337748344,0.9770491803278688,0.9634551495016611,0.970172999131487,0.005556649367246604
0.007370567321777344,0.0008939007230712701,0.0063877105712890625,0.0011421564798976356,,gini,10,1,10,"{'model__class_weight': None, 'model__criterion': 'gini', 'model__max_depth': 10, 'model__min_samples_leaf': 1, 'model__min_samples_split': 10}",0.9014084507042254,0.835820895522388,0.9090909090909091,0.88,0.9090909090909091,0.8870822328816862,0.027755672949931802,166,0.9636963696369637,0.9731543624161074,0.9735099337748344,0.9770491803278688,0.9634551495016611,0.970172999131487,0.005556649367246604
0.008486080169677734,0.0005112049593963956,0.006836462020874024,0.002501663732827038,,gini,10,2,2,"{'model__class_weight': None, 'model__criterion': 'gini', 'model__max_depth': 10, 'model__min_samples_leaf': 2, 'model__min_samples_split': 2}",0.9142857142857143,0.8484848484848485,0.8888888888888888,0.8571428571428571,0.9230769230769231,0.8863758463758463,0.029740680964324345,169,0.9733333333333334,0.9798657718120806,0.9867549668874173,0.9868421052631579,0.9833887043189369,0.9820369763229853,0.005052591374577646
0.02841658592224121,0.029014919821091674,0.008058738708496094,0.003694181024723691,,gini,,2,2,"{'model__class_weight': None, 'model__criterion': 'gini', 'model__max_depth': None, 'model__min_samples_leaf': 2, 'model__min_samples_split': 2}",0.9142857142857143,0.8484848484848485,0.8888888888888888,0.8571428571428571,0.9230769230769231,0.8863758463758463,0.029740680964324345,169,0.9733333333333334,0.9798657718120806,0.9867549668874173,0.9868421052631579,0.9833887043189369,0.9820369763229853,0.005052591374577646
0.01087813377380371,0.0046162693486396875,0.00820608139038086,0.0018284294834981503,,entropy,,1,5,"{'model__class_weight': None, 'model__criterion': 'entropy', 'model__max_depth': None, 'model__min_samples_leaf': 1, 'model__min_samples_split': 5}",0.8857142857142857,0.8656716417910447,0.935064935064935,0.8378378378378378,0.9047619047619048,0.8858101210340015,0.03314246308701724,171,0.9933774834437086,0.9900332225913622,0.9933774834437086,0.9867549668874173,0.9934640522875817,0.9914014417307555,0.0026655429501311495
0.008049488067626953,0.0019057593221030711,0.00879201889038086,0.0062663779568380065,,entropy,10,1,5,"{'model__class_weight': None, 'model__criterion': 'entropy', 'model__max_depth': 10, 'model__min_samples_leaf': 1, 'model__min_samples_split': 5}",0.8857142857142857,0.8656716417910447,0.935064935064935,0.8378378378378378,0.9047619047619048,0.8858101210340015,0.03314246308701724,171,0.9933774834437086,0.9900332225913622,0.9933774834437086,0.9867549668874173,0.9934640522875817,0.9914014417307555,0.0026655429501311495
0.008151578903198241,0.0008212814785225379,0.007088088989257812,0.001630790342348229,,entropy,7,1,5,"{'model__class_weight': None, 'model__criterion': 'entropy', 'model__max_depth': 7, 'model__min_samples_leaf': 1, 'model__min_samples_split': 5}",0.8857142857142857,0.8656716417910447,0.935064935064935,0.8378378378378378,0.9047619047619048,0.8858101210340015,0.03314246308701724,171,0.9868421052631579,0.98,0.9933774834437086,0.9867549668874173,0.9934640522875817,0.9880877215763733,0.005012495344377179
0.008075237274169922,0.0015570405122560206,0.0056457042694091795,0.000578273643049335,,entropy,10,2,2,"{'model__class_weight': None, 'model__criterion': 'entropy', 'model__max_depth': 10, 'model__min_samples_leaf': 2, 'model__min_samples_split': 2}",0.8857142857142857,0.8656716417910447,0.918918918918919,0.8378378378378378,0.9047619047619048,0.8825809178047983,0.02867100040827487,174,0.9900332225913622,0.9832775919732442,0.9832775919732442,0.9833887043189369,0.9868421052631579,0.9853638432239891,0.002705343770747713
0.00716695785522461,0.0007441651311253793,0.006936502456665039,0.001931427566670063,,entropy,,2,2,"{'model__class_weight': None, 'model__criterion': 'entropy', 'model__max_depth': None, 'model__min_samples_leaf': 2, 'model__min_samples_split': 2}",0.8857142857142857,0.8656716417910447,0.918918918918919,0.8378378378378378,0.9047619047619048,0.8825809178047983,0.02867100040827487,174,0.9900332225913622,0.9832775919732442,0.9832775919732442,0.9833887043189369,0.9868421052631579,0.9853638432239891,0.002705343770747713
0.012060260772705078,0.00451011674855653,0.008797788619995117,0.0024061273243227424,,gini,7,2,2,"{'model__class_weight': None, 'model__criterion': 'gini', 'model__max_depth': 7, 'model__min_samples_leaf': 2, 'model__min_samples_split': 2}",0.9142857142857143,0.8484848484848485,0.8888888888888888,0.8311688311688312,0.9230769230769231,0.8811810411810412,0.036002381545170825,176,0.9733333333333334,0.98,0.9867549668874173,0.9869281045751634,0.9833887043189369,0.9820810218229703,0.005057721086057211
0.007457733154296875,0.0006482137026486034,0.006460762023925782,0.0006212049696132173,,entropy,7,2,2,"{'model__class_weight': None, 'model__criterion': 'entropy', 'model__max_depth': 7, 'model__min_samples_leaf': 2, 'model__min_samples_split': 2}",0.8857142857142857,0.8656716417910447,0.8732394366197183,0.8378378378378378,0.9047619047619048,0.8734450213449583,0.022179365397563877,177,0.9834983498349835,0.9765886287625418,0.9832775919732442,0.9833887043189369,0.9868421052631579,0.9827190760305727,0.003345126709824177
0.006755018234252929,0.0008258541870073278,0.006707239151000977,0.002038244643336976,,entropy,7,2,5,"{'model__class_weight': None, 'model__criterion': 'entropy', 'model__max_depth': 7, 'model__min_samples_leaf': 2, 'model__min_samples_split': 5}",0.8857142857142857,0.8656716417910447,0.8571428571428571,0.8378378378378378,0.9047619047619048,0.870225705449586,0.02312366565065022,178,0.9834983498349835,0.9765886287625418,0.9833887043189369,0.9833887043189369,0.9868421052631579,0.9827412984997114,0.00334912992640124
0.00705866813659668,0.0006933099530653087,0.005706214904785156,0.0005038946431179572,,entropy,,2,5,"{'model__class_weight': None, 'model__criterion': 'entropy', 'model__max_depth': None, 'model__min_samples_leaf': 2, 'model__min_samples_split': 5}",0.8857142857142857,0.8656716417910447,0.8571428571428571,0.8378378378378378,0.9047619047619048,0.870225705449586,0.02312366565065022,178,0.9900332225913622,0.9832775919732442,0.9833887043189369,0.9833887043189369,0.9868421052631579,0.9853860656931275,0.0026885194740585484
0.008373212814331055,0.0020105602696599153,0.006861591339111328,0.0014109879223990107,,entropy,10,2,5,"{'model__class_weight': None, 'model__criterion': 'entropy', 'model__max_depth': 10, 'model__min_samples_leaf': 2, 'model__min_samples_split': 5}",0.8857142857142857,0.8656716417910447,0.8571428571428571,0.8378378378378378,0.9047619047619048,0.870225705449586,0.02312366565065022,178,0.9900332225913622,0.9832775919732442,0.9833887043189369,0.9833887043189369,0.9868421052631579,0.9853860656931275,0.0026885194740585484
