mean_fit_time,std_fit_time,mean_score_time,std_score_time,param_model__C,param_model__class_weight,param_model__penalty,param_model__solver,params,split0_test_score,split1_test_score,split2_test_score,split3_test_score,split4_test_score,mean_test_score,std_test_score,rank_test_score,split0_train_score,split1_train_score,split2_train_score,split3_train_score,split4_train_score,mean_train_score,std_train_score
0.49915103912353515,0.32490202870576557,0.013257741928100586,0.004250277408048033,0.01,,l1,liblinear,"{'model__C': 0.01, 'model__class_weight': None, 'model__penalty': 'l1', 'model__solver': 'liblinear'}",0.9333333333333333,0.9333333333333333,0.8947368421052632,0.9743589743589743,0.9620253164556962,0.93955755991732,0.027576501842449763,29,0.9511400651465798,0.948051948051948,0.948051948051948,0.9442622950819672,0.9449838187702265,0.9472980150205339,0.0024685736380797587
0.017375469207763672,0.00221380390483618,0.013503456115722656,0.005610063373627708,0.01,,l2,liblinear,"{'model__C': 0.01, 'model__class_weight': None, 'model__penalty': 'l2', 'model__solver': 'liblinear'}",0.9473684210526315,0.9459459459459459,0.9620253164556962,0.9487179487179487,0.9743589743589743,0.9556833213062393,0.010967874724396445,1,0.9579288025889967,0.9581993569131833,0.954248366013072,0.9576547231270358,0.9511400651465798,0.9558342627577735,0.002751196217007445
0.015773582458496093,0.005221157693373916,0.015325593948364257,0.006501855475957565,0.01,balanced,l1,liblinear,"{'model__C': 0.01, 'model__class_weight': 'balanced', 'model__penalty': 'l1', 'model__solver': 'liblinear'}",0.9333333333333333,0.9473684210526315,0.9333333333333333,0.9743589743589743,0.9620253164556962,0.9500838757067938,0.016127079433807253,14,0.9514563106796117,0.9514563106796117,0.9607843137254902,0.948051948051948,0.9483870967741935,0.9520271959821711,0.004612848351688425
0.02614741325378418,0.013834058706114583,0.06682376861572266,0.0658615205982488,0.01,balanced,l2,liblinear,"{'model__C': 0.01, 'model__class_weight': 'balanced', 'model__penalty': 'l2', 'model__solver': 'liblinear'}",0.9473684210526315,0.9210526315789473,0.9620253164556962,0.9487179487179487,0.9743589743589743,0.9507046584328396,0.017787659496944202,8,0.9517684887459807,0.9581993569131833,0.948051948051948,0.9514563106796117,0.9449838187702265,0.95089198463219,0.0044148985182425726
0.017236089706420897,0.002211394630952642,0.01716327667236328,0.003990569215282135,0.1,,l1,liblinear,"{'model__C': 0.1, 'model__class_weight': None, 'model__penalty': 'l1', 'model__solver': 'liblinear'}",0.9333333333333333,0.9459459459459459,0.935064935064935,0.9473684210526315,0.9743589743589743,0.947214321951164,0.014688458906802617,21,0.9508196721311475,0.9508196721311475,0.9536423841059603,0.9539473684210527,0.9438943894389439,0.9506246972456504,0.0036199351185262876
0.02065596580505371,0.004565323786926486,0.017849540710449217,0.007189137596731555,0.1,,l2,liblinear,"{'model__C': 0.1, 'model__class_weight': None, 'model__penalty': 'l2', 'model__solver': 'liblinear'}",0.9333333333333333,0.9459459459459459,0.9487179487179487,0.935064935064935,0.9743589743589743,0.9474842274842274,0.014701204217484857,20,0.9576547231270358,0.954248366013072,0.9539473684210527,0.9576547231270358,0.9508196721311475,0.9548649705638688,0.002574959145374369
0.019745922088623045,0.0062818726668440105,0.01699800491333008,0.010060682239705444,0.1,balanced,l1,liblinear,"{'model__C': 0.1, 'model__class_weight': 'balanced', 'model__penalty': 'l1', 'model__solver': 'liblinear'}",0.9473684210526315,0.9473684210526315,0.9487179487179487,0.9230769230769231,0.9743589743589743,0.9481781376518219,0.016230279490820933,15,0.9646302250803859,0.9646302250803859,0.9612903225806452,0.967741935483871,0.9612903225806452,0.9639166061611866,0.002426783024561954
0.01713390350341797,0.005951028085972057,0.01354513168334961,0.005918341286238083,0.1,balanced,l2,liblinear,"{'model__C': 0.1, 'model__class_weight': 'balanced', 'model__penalty': 'l2', 'model__solver': 'liblinear'}",0.9473684210526315,0.9333333333333333,0.9620253164556962,0.9487179487179487,0.9743589743589743,0.953160798783717,0.013959665210519188,5,0.9579288025889967,0.9581993569131833,0.9545454545454546,0.961038961038961,0.948051948051948,0.9559529046277089,0.004454766458275218
0.014321613311767577,0.0019819520569185926,0.023492431640625,0.007355224672119934,1.0,,l1,liblinear,"{'model__C': 1, 'model__class_weight': None, 'model__penalty': 'l1', 'model__solver': 'liblinear'}",0.96,0.9459459459459459,0.9487179487179487,0.9473684210526315,0.9743589743589743,0.9552782580151,0.010761633806913907,2,0.9573770491803278,0.9508196721311475,0.9570957095709571,0.9573770491803278,0.9470198675496688,0.9539378695224858,0.004271060137174542
0.016735553741455078,0.0037829545506398365,0.019548654556274414,0.008462767044262834,1.0,,l2,liblinear,"{'model__C': 1, 'model__class_weight': None, 'model__penalty': 'l2', 'model__solver': 'liblinear'}",0.96,0.9459459459459459,0.9487179487179487,0.9473684210526315,0.9743589743589743,0.9552782580151,0.010761633806913907,2,0.9573770491803278,0.9508196721311475,0.9570957095709571,0.9573770491803278,0.9504950495049505,0.954632905913542,0.0032492661919143045
0.028646469116210938,0.01255003995053151,0.029930543899536134,0.01399485990757817,1.0,balanced,l1,liblinear,"{'model__C': 1, 'model__class_weight': 'balanced', 'model__penalty': 'l1', 'model__solver': 'liblinear'}",0.9473684210526315,0.9333333333333333,0.9487179487179487,0.9473684210526315,0.9743589743589743,0.9502294197031038,0.013314415598142943,9,0.961038961038961,0.9579288025889967,0.961038961038961,0.961038961038961,0.9579288025889967,0.9597948976589754,0.0015236602443236048
0.058780860900878903,0.03529694799584933,0.0837188720703125,0.0764252097713105,1.0,balanced,l2,liblinear,"{'model__C': 1, 'model__class_weight': 'balanced', 'model__penalty': 'l2', 'model__solver': 'liblinear'}",0.9473684210526315,0.9333333333333333,0.9487179487179487,0.9473684210526315,0.9743589743589743,0.9502294197031038,0.013314415598142943,9,0.961038961038961,0.9612903225806452,0.954248366013072,0.961038961038961,0.9545454545454546,0.9584324130434186,0.0032975908705038105
0.050222587585449216,0.047851095355439514,0.017493486404418945,0.0016994015530077437,10.0,,l1,liblinear,"{'model__C': 10, 'model__class_weight': None, 'model__penalty': 'l1', 'model__solver': 'liblinear'}",0.96,0.9041095890410958,0.9487179487179487,0.9473684210526315,0.9743589743589743,0.9469109866341301,0.02349531142663024,22,0.9573770491803278,0.9508196721311475,0.9570957095709571,0.9573770491803278,0.9470198675496688,0.9539378695224858,0.004271060137174542
0.019901323318481445,0.002387986317377731,0.015570592880249024,0.003637784418352453,10.0,,l2,liblinear,"{'model__C': 10, 'model__class_weight': None, 'model__penalty': 'l2', 'model__solver': 'liblinear'}",0.96,0.9041095890410958,0.9487179487179487,0.9473684210526315,0.9743589743589743,0.9469109866341301,0.02349531142663024,22,0.9573770491803278,0.9508196721311475,0.9570957095709571,0.9573770491803278,0.9470198675496688,0.9539378695224858,0.004271060137174542
0.020134592056274415,0.001230922042244034,0.015832042694091795,0.0018869800931129847,10.0,balanced,l1,liblinear,"{'model__C': 10, 'model__class_weight': 'balanced', 'model__penalty': 'l1', 'model__solver': 'liblinear'}",0.9473684210526315,0.9333333333333333,0.9367088607594937,0.9473684210526315,0.9743589743589743,0.9478276021114128,0.014408647712330611,16,0.961038961038961,0.9579288025889967,0.9607843137254902,0.961038961038961,0.9579288025889967,0.9597439681962812,0.0014849905123647162
0.018762874603271484,0.0016924699285618399,0.014905500411987304,0.002987276302873147,10.0,balanced,l2,liblinear,"{'model__C': 10, 'model__class_weight': 'balanced', 'model__penalty': 'l2', 'model__solver': 'liblinear'}",0.9473684210526315,0.9333333333333333,0.9487179487179487,0.9473684210526315,0.9743589743589743,0.9502294197031038,0.013314415598142943,9,0.961038961038961,0.9579288025889967,0.9607843137254902,0.961038961038961,0.9579288025889967,0.9597439681962812,0.0014849905123647162
0.020421934127807618,0.0019017718528907019,0.015176057815551758,0.002405991236120251,100.0,,l1,liblinear,"{'model__C': 100, 'model__class_weight': None, 'model__penalty': 'l1', 'model__solver': 'liblinear'}",0.96,0.9041095890410958,0.9487179487179487,0.9473684210526315,0.9743589743589743,0.9469109866341301,0.02349531142663024,22,0.9573770491803278,0.9508196721311475,0.9570957095709571,0.9573770491803278,0.9470198675496688,0.9539378695224858,0.004271060137174542
0.018656492233276367,0.003296131780734302,0.01629495620727539,0.0030487012718435715,100.0,,l2,liblinear,"{'model__C': 100, 'model__class_weight': None, 'model__penalty': 'l2', 'model__solver': 'liblinear'}",0.96,0.9041095890410958,0.9487179487179487,0.9473684210526315,0.9743589743589743,0.9469109866341301,0.02349531142663024,22,0.9573770491803278,0.9508196721311475,0.9570957095709571,0.9573770491803278,0.9470198675496688,0.9539378695224858,0.004271060137174542
0.032109832763671874,0.012658895252170529,0.023442411422729494,0.010304284300287805,100.0,balanced,l1,liblinear,"{'model__C': 100, 'model__class_weight': 'balanced', 'model__penalty': 'l1', 'model__solver': 'liblinear'}",0.9473684210526315,0.9333333333333333,0.9367088607594937,0.9473684210526315,0.9743589743589743,0.9478276021114128,0.014408647712330611,16,0.9641693811074918,0.9579288025889967,0.9607843137254902,0.961038961038961,0.9579288025889967,0.9603700522099873,0.002322642939415883
0.034233474731445314,0.016478549429326195,0.027807283401489257,0.013599412190787183,100.0,balanced,l2,liblinear,"{'model__C': 100, 'model__class_weight': 'balanced', 'model__penalty': 'l2', 'model__solver': 'liblinear'}",0.9473684210526315,0.9333333333333333,0.9367088607594937,0.9473684210526315,0.9743589743589743,0.9478276021114128,0.014408647712330611,16,0.9641693811074918,0.9579288025889967,0.9607843137254902,0.961038961038961,0.9579288025889967,0.9603700522099873,0.002322642939415883
0.051360797882080075,0.02940460591241074,0.030530977249145507,0.019034535472150897,0.01,,l2,lbfgs,"{'model__C': 0.01, 'model__class_weight': None, 'model__penalty': 'l2', 'model__solver': 'lbfgs'}",0.9014084507042254,0.8857142857142857,0.9210526315789473,0.9315068493150684,0.9743589743589743,0.9228082383343003,0.03023289137462047,30,0.9364548494983278,0.9256756756756757,0.9355932203389831,0.9328859060402684,0.9251700680272109,0.931155943916093,0.004829588833797008
0.05276579856872558,0.03086053585186134,0.029047107696533202,0.006424215896988805,0.01,balanced,l2,lbfgs,"{'model__C': 0.01, 'model__class_weight': 'balanced', 'model__penalty': 'l2', 'model__solver': 'lbfgs'}",0.9333333333333333,0.9459459459459459,0.9620253164556962,0.9487179487179487,0.9743589743589743,0.9528763037623798,0.014088712067142179,6,0.9579288025889967,0.9548387096774194,0.9508196721311475,0.954248366013072,0.9477124183006536,0.9531095937422579,0.003518086464059045
0.04612407684326172,0.02311886097378066,0.024147748947143555,0.004430009837217094,0.1,,l2,lbfgs,"{'model__C': 0.1, 'model__class_weight': None, 'model__penalty': 'l2', 'model__solver': 'lbfgs'}",0.9166666666666666,0.9459459459459459,0.9487179487179487,0.9333333333333333,0.9743589743589743,0.9438045738045739,0.019017944167328892,28,0.954248366013072,0.9403973509933775,0.9501661129568106,0.9508196721311475,0.9470198675496688,0.9485302739288152,0.004669896218168654
0.04146285057067871,0.009227647177330383,0.022319984436035157,0.005982634849328881,0.1,balanced,l2,lbfgs,"{'model__C': 0.1, 'model__class_weight': 'balanced', 'model__penalty': 'l2', 'model__solver': 'lbfgs'}",0.9333333333333333,0.9459459459459459,0.9620253164556962,0.9487179487179487,0.9743589743589743,0.9528763037623798,0.014088712067142179,6,0.961038961038961,0.9579288025889967,0.954248366013072,0.9576547231270358,0.9511400651465798,0.956402183582929,0.0033978801226175284
0.026991844177246094,0.008176625477904487,0.018734312057495116,0.001814560883425015,1.0,,l2,lbfgs,"{'model__C': 1, 'model__class_weight': None, 'model__penalty': 'l2', 'model__solver': 'lbfgs'}",0.96,0.9459459459459459,0.9487179487179487,0.9473684210526315,0.9743589743589743,0.9552782580151,0.010761633806913907,2,0.9573770491803278,0.9473684210526315,0.9570957095709571,0.9573770491803278,0.9470198675496688,0.9532476193067827,0.004944937712492188
0.02863736152648926,0.005488891555134107,0.01770610809326172,0.004729957088473418,1.0,balanced,l2,lbfgs,"{'model__C': 1, 'model__class_weight': 'balanced', 'model__penalty': 'l2', 'model__solver': 'lbfgs'}",0.9473684210526315,0.9333333333333333,0.9487179487179487,0.9473684210526315,0.9743589743589743,0.9502294197031038,0.013314415598142943,9,0.9576547231270358,0.9579288025889967,0.954248366013072,0.961038961038961,0.9545454545454546,0.9570832614627041,0.0024966442889301126
0.024704456329345703,0.004807105468497733,0.014498329162597657,0.003790939934705842,10.0,,l2,lbfgs,"{'model__C': 10, 'model__class_weight': None, 'model__penalty': 'l2', 'model__solver': 'lbfgs'}",0.96,0.9041095890410958,0.9487179487179487,0.9473684210526315,0.9743589743589743,0.9469109866341301,0.02349531142663024,22,0.9573770491803278,0.9508196721311475,0.9570957095709571,0.9573770491803278,0.9470198675496688,0.9539378695224858,0.004271060137174542
0.03270821571350098,0.006512326409765171,0.021325111389160156,0.009451150378727164,10.0,balanced,l2,lbfgs,"{'model__C': 10, 'model__class_weight': 'balanced', 'model__penalty': 'l2', 'model__solver': 'lbfgs'}",0.9473684210526315,0.9333333333333333,0.9487179487179487,0.9473684210526315,0.9743589743589743,0.9502294197031038,0.013314415598142943,9,0.961038961038961,0.9579288025889967,0.9607843137254902,0.961038961038961,0.9579288025889967,0.9597439681962812,0.0014849905123647162
0.0325617790222168,0.010214097053906022,0.023209667205810545,0.00752974920897872,100.0,,l2,lbfgs,"{'model__C': 100, 'model__class_weight': None, 'model__penalty': 'l2', 'model__solver': 'lbfgs'}",0.96,0.9041095890410958,0.9487179487179487,0.9473684210526315,0.9743589743589743,0.9469109866341301,0.02349531142663024,22,0.9573770491803278,0.9508196721311475,0.9570957095709571,0.9573770491803278,0.9470198675496688,0.9539378695224858,0.004271060137174542
0.04223623275756836,0.003067544196663759,0.019853496551513673,0.0012441152948968533,100.0,balanced,l2,lbfgs,"{'model__C': 100, 'model__class_weight': 'balanced', 'model__penalty': 'l2', 'model__solver': 'lbfgs'}",0.9473684210526315,0.9333333333333333,0.9367088607594937,0.9473684210526315,0.9743589743589743,0.9478276021114128,0.014408647712330611,16,0.9641693811074918,0.9579288025889967,0.9607843137254902,0.961038961038961,0.9579288025889967,0.9603700522099873,0.002322642939415883
