mean_fit_time,std_fit_time,mean_score_time,std_score_time,param_model__C,param_model__class_weight,param_model__kernel,param_model__gamma,params,split0_test_score,split1_test_score,split2_test_score,split3_test_score,split4_test_score,mean_test_score,std_test_score,rank_test_score,split0_train_score,split1_train_score,split2_train_score,split3_train_score,split4_train_score,mean_train_score,std_train_score
0.2150019645690918,0.09991304052583876,0.01145634651184082,0.00280477311807909,0.1,,linear,,"{'model__C': 0.1, 'model__class_weight': None, 'model__kernel': 'linear'}",0.9473684210526315,0.9459459459459459,0.9487179487179487,0.935064935064935,0.9743589743589743,0.950291245028087,0.012969162622336753,5,0.9576547231270358,0.9545454545454546,0.9573770491803278,0.9576547231270358,0.9508196721311475,0.9556103244222003,0.002667011275859818
0.02467236518859863,0.004591034744665821,0.014485645294189452,0.002180154102831128,0.1,balanced,linear,,"{'model__C': 0.1, 'model__class_weight': 'balanced', 'model__kernel': 'linear'}",0.9473684210526315,0.9473684210526315,0.9620253164556962,0.935064935064935,0.9743589743589743,0.9532372135969738,0.01358290608408762,1,0.9612903225806452,0.9548387096774194,0.961038961038961,0.9579288025889967,0.9581993569131833,0.958659230559841,0.0023633514753288016
0.026875400543212892,0.005985652966983953,0.011515331268310548,0.0025755049934333,1.0,,linear,,"{'model__C': 1, 'model__class_weight': None, 'model__kernel': 'linear'}",0.9473684210526315,0.9315068493150684,0.9487179487179487,0.9473684210526315,0.9743589743589743,0.9498641228994508,0.01378954685366246,6,0.9576547231270358,0.9573770491803278,0.9576547231270358,0.9607843137254902,0.954248366013072,0.9575438350345923,0.002069455391026252
0.027908802032470703,0.0049299331284473865,0.015133047103881836,0.00834290977119529,1.0,balanced,linear,,"{'model__C': 1, 'model__class_weight': 'balanced', 'model__kernel': 'linear'}",0.9473684210526315,0.9473684210526315,0.9487179487179487,0.935064935064935,0.9743589743589743,0.9505757400494241,0.01288605823683485,4,0.9612903225806452,0.967948717948718,0.9612903225806452,0.9644012944983819,0.9551282051282052,0.962011772547319,0.004228040122234321
0.04809718132019043,0.009659826918223232,0.013297605514526366,0.0061059363608735396,10.0,,linear,,"{'model__C': 10, 'model__class_weight': None, 'model__kernel': 'linear'}",0.9473684210526315,0.9333333333333333,0.9487179487179487,0.935064935064935,0.9743589743589743,0.9477687225055644,0.014682434683483021,9,0.9576547231270358,0.9607843137254902,0.9573770491803278,0.9641693811074918,0.954248366013072,0.9588467666306835,0.0033707755473137814
0.0366093635559082,0.0069037648089861426,0.008240699768066406,0.0018265677215363624,10.0,balanced,linear,,"{'model__C': 10, 'model__class_weight': 'balanced', 'model__kernel': 'linear'}",0.961038961038961,0.9333333333333333,0.9487179487179487,0.9473684210526315,0.9743589743589743,0.9529635277003697,0.01383945411864495,2,0.9612903225806452,0.9648562300319489,0.9612903225806452,0.9644012944983819,0.9615384615384616,0.9626753262460165,0.0016040099376958517
0.19200620651245118,0.03689924699933401,0.020339012145996094,0.020235299027240097,100.0,,linear,,"{'model__C': 100, 'model__class_weight': None, 'model__kernel': 'linear'}",0.9473684210526315,0.9333333333333333,0.9487179487179487,0.935064935064935,0.9743589743589743,0.9477687225055644,0.014682434683483021,9,0.9576547231270358,0.9607843137254902,0.9573770491803278,0.9641693811074918,0.954248366013072,0.9588467666306835,0.0033707755473137814
0.278150749206543,0.09703693150877896,0.011745929718017578,0.00546972569080661,100.0,balanced,linear,,"{'model__C': 100, 'model__class_weight': 'balanced', 'model__kernel': 'linear'}",0.961038961038961,0.9333333333333333,0.9487179487179487,0.9473684210526315,0.9743589743589743,0.9529635277003697,0.01383945411864495,2,0.9612903225806452,0.9648562300319489,0.967741935483871,0.9644012944983819,0.967948717948718,0.965247700108713,0.002451415740202895
0.04182567596435547,0.005699869978954161,0.0181638240814209,0.005541003192635931,0.1,,rbf,scale,"{'model__C': 0.1, 'model__class_weight': None, 'model__gamma': 'scale', 'model__kernel': 'rbf'}",0.9487179487179487,0.9090909090909091,0.95,0.9487179487179487,0.9743589743589743,0.9461771561771561,0.02096249024968063,11,0.9456869009584664,0.9554140127388535,0.9453376205787781,0.9456869009584664,0.939297124600639,0.9462845119670407,0.005172663679130618
0.04487080574035644,0.008767118251423326,0.013090419769287109,0.004418605382121863,0.1,,rbf,auto,"{'model__C': 0.1, 'model__class_weight': None, 'model__gamma': 'auto', 'model__kernel': 'rbf'}",0.9487179487179487,0.9090909090909091,0.95,0.9487179487179487,0.9743589743589743,0.9461771561771561,0.02096249024968063,11,0.9456869009584664,0.9554140127388535,0.9453376205787781,0.9456869009584664,0.939297124600639,0.9462845119670407,0.005172663679130618
0.044248199462890624,0.003410154914775472,0.014158868789672851,0.005268649844641252,0.1,balanced,rbf,scale,"{'model__C': 0.1, 'model__class_weight': 'balanced', 'model__gamma': 'scale', 'model__kernel': 'rbf'}",0.9487179487179487,0.9090909090909091,0.9382716049382716,0.9367088607594937,0.9743589743589743,0.9414296595731194,0.021050002205181047,15,0.9426751592356688,0.9523809523809523,0.9456869009584664,0.946031746031746,0.9367088607594937,0.9446967238732654,0.0050931872789124095
0.04909591674804688,0.009008645673017103,0.013888406753540038,0.0019529133478052823,0.1,balanced,rbf,auto,"{'model__C': 0.1, 'model__class_weight': 'balanced', 'model__gamma': 'auto', 'model__kernel': 'rbf'}",0.9487179487179487,0.9090909090909091,0.9382716049382716,0.9367088607594937,0.9743589743589743,0.9414296595731194,0.021050002205181047,15,0.9426751592356688,0.9523809523809523,0.9456869009584664,0.946031746031746,0.9367088607594937,0.9446967238732654,0.0050931872789124095
0.03153076171875,0.003792485077562972,0.01726078987121582,0.0038519103858892967,1.0,,rbf,scale,"{'model__C': 1, 'model__class_weight': None, 'model__gamma': 'scale', 'model__kernel': 'rbf'}",0.9473684210526315,0.9210526315789473,0.9487179487179487,0.9487179487179487,0.9743589743589743,0.9480431848852902,0.016866396545174623,7,0.9675324675324676,0.9710610932475884,0.9641693811074918,0.9644012944983819,0.9644012944983819,0.9663131061768622,0.0026808889682462186
0.033938932418823245,0.005662387262187342,0.018628406524658202,0.0068897592529460405,1.0,,rbf,auto,"{'model__C': 1, 'model__class_weight': None, 'model__gamma': 'auto', 'model__kernel': 'rbf'}",0.9473684210526315,0.9210526315789473,0.9487179487179487,0.9487179487179487,0.9743589743589743,0.9480431848852902,0.016866396545174623,7,0.9675324675324676,0.9710610932475884,0.9641693811074918,0.9644012944983819,0.9644012944983819,0.9663131061768622,0.0026808889682462186
0.06338753700256347,0.02579767864744837,0.017087793350219725,0.005431939678298418,1.0,balanced,rbf,scale,"{'model__C': 1, 'model__class_weight': 'balanced', 'model__gamma': 'scale', 'model__kernel': 'rbf'}",0.9487179487179487,0.9090909090909091,0.95,0.925,0.9743589743589743,0.9414335664335663,0.022479493259762968,13,0.9615384615384616,0.9617834394904459,0.967741935483871,0.9646302250803859,0.9584664536741214,0.9628321030534572,0.00313597817146331
0.03647732734680176,0.008401165349688043,0.02321333885192871,0.01176010749027793,1.0,balanced,rbf,auto,"{'model__C': 1, 'model__class_weight': 'balanced', 'model__gamma': 'auto', 'model__kernel': 'rbf'}",0.9487179487179487,0.9090909090909091,0.95,0.925,0.9743589743589743,0.9414335664335663,0.022479493259762968,13,0.9615384615384616,0.9617834394904459,0.967741935483871,0.9646302250803859,0.9584664536741214,0.9628321030534572,0.00313597817146331
0.03850865364074707,0.006748737928434841,0.01621417999267578,0.004820540925006149,10.0,,rbf,scale,"{'model__C': 10, 'model__class_weight': None, 'model__gamma': 'scale', 'model__kernel': 'rbf'}",0.9473684210526315,0.8918918918918919,0.9090909090909091,0.9367088607594937,0.9736842105263158,0.9317488586642485,0.028737106900123228,19,0.990228013029316,0.9869281045751634,0.9934640522875817,0.9901639344262295,0.9901639344262295,0.990189607748904,0.0020669873339599298
0.04297871589660644,0.0044717778664301235,0.013560914993286132,0.003945886593056123,10.0,,rbf,auto,"{'model__C': 10, 'model__class_weight': None, 'model__gamma': 'auto', 'model__kernel': 'rbf'}",0.9473684210526315,0.8918918918918919,0.9090909090909091,0.9367088607594937,0.9736842105263158,0.9317488586642485,0.028737106900123228,19,0.990228013029316,0.9869281045751634,0.9934640522875817,0.9901639344262295,0.9901639344262295,0.990189607748904,0.0020669873339599298
0.04075021743774414,0.008456004972923745,0.023210430145263673,0.018708065007032933,10.0,balanced,rbf,scale,"{'model__C': 10, 'model__class_weight': 'balanced', 'model__gamma': 'scale', 'model__kernel': 'rbf'}",0.96,0.9066666666666666,0.9230769230769231,0.925,0.987012987012987,0.9403513153513152,0.029093317030405536,17,0.987012987012987,0.9869281045751634,0.990228013029316,0.9934640522875817,0.990228013029316,0.9895722339868728,0.0024309466226126093
0.04230742454528809,0.014613863226658844,0.011626815795898438,0.003316462944734775,10.0,balanced,rbf,auto,"{'model__C': 10, 'model__class_weight': 'balanced', 'model__gamma': 'auto', 'model__kernel': 'rbf'}",0.96,0.9066666666666666,0.9230769230769231,0.925,0.987012987012987,0.9403513153513152,0.029093317030405536,17,0.987012987012987,0.9869281045751634,0.990228013029316,0.9934640522875817,0.990228013029316,0.9895722339868728,0.0024309466226126093
0.03802223205566406,0.008528369803546983,0.013189315795898438,0.0034799541731849355,100.0,,rbf,scale,"{'model__C': 100, 'model__class_weight': None, 'model__gamma': 'scale', 'model__kernel': 'rbf'}",0.918918918918919,0.9041095890410958,0.8947368421052632,0.9367088607594937,0.9473684210526315,0.9203685263754806,0.01959305225792186,21,1.0,1.0,1.0,1.0,1.0,1.0,0.0
0.03637876510620117,0.005164478403605855,0.010784292221069336,0.0024692137925464114,100.0,,rbf,auto,"{'model__C': 100, 'model__class_weight': None, 'model__gamma': 'auto', 'model__kernel': 'rbf'}",0.918918918918919,0.9041095890410958,0.8947368421052632,0.9367088607594937,0.9473684210526315,0.9203685263754806,0.01959305225792186,21,1.0,1.0,1.0,1.0,1.0,1.0,0.0
0.035013341903686525,0.002984771264957764,0.01634559631347656,0.002811544563592375,100.0,balanced,rbf,scale,"{'model__C': 100, 'model__class_weight': 'balanced', 'model__gamma': 'scale', 'model__kernel': 'rbf'}",0.918918918918919,0.9041095890410958,0.8947368421052632,0.9367088607594937,0.9473684210526315,0.9203685263754806,0.01959305225792186,21,1.0,1.0,1.0,1.0,1.0,1.0,0.0
0.03397688865661621,0.006547183210240904,0.012144088745117188,0.0025428846080453437,100.0,balanced,rbf,auto,"{'model__C': 100, 'model__class_weight': 'balanced', 'model__gamma': 'auto', 'model__kernel': 'rbf'}",0.918918918918919,0.9041095890410958,0.8947368421052632,0.9367088607594937,0.9473684210526315,0.9203685263754806,0.01959305225792186,21,1.0,1.0,1.0,1.0,1.0,1.0,0.0
